species_nr,wetnaam,nednaam
1,Acer campestre,Spaanse aak
2,Acer pseudoplatanus,Gewone esdoorn
3,Aceras anthropophorum,Poppenorchis
4,Achillea millefolium,Gewoon duizendblad
5,Achillea ptarmica,Wilde bertram
7,Acorus calamus,Kalmoes
8,Actaea spicata,Christoffelkruid
10,Adoxa moschatellina,Muskuskruid
11,Aegopodium podagraria,Zevenblad
12,Aethusa cynapium,Hondspeterselie
13,Agrimonia eupatoria,Gewone agrimonie
14,Agrimonia procera,Welriekende agrimonie
15,Agrostemma githago,Bolderik
17,Agrostis gigantea,Hoog struisgras
18,Agrostis stolonifera,Fioringras
19,Agrostis capillaris,Gewoon struisgras
20,Aira caryophyllea,Zilverhaver
21,Aira praecox,Vroege haver
24,Ajuga reptans,Kruipend zenegroen
26,Alisma gramineum,Smalle waterweegbree
27,Alisma lanceolatum,Slanke waterweegbree
28,Alisma plantago-aquatica,Grote waterweegbree
29,Alliaria petiolata,Look-zonder-look
31,Allium oleraceum,Moeslook
33,Allium scorodoprasum,Slangenlook
34,Allium ursinum,Daslook
35,Allium vineale,Kraailook
36,Alnus glutinosa,Zwarte els
37,Alnus incana,Witte els
38,Alopecurus aequalis,Rosse vossenstaart
39,Alopecurus bulbosus,Knolvossenstaart
40,Alopecurus geniculatus,Geknikte vossenstaart
41,Alopecurus myosuroides,Duist
42,Alopecurus pratensis,Grote vossenstaart
43,Althaea officinalis,Echte heemst
44,Alyssum alyssoides,Bleek schildzaad
46,Amaranthus blitum,Kleine majer
47,Amaranthus retroflexus,Papegaaienkruid
48,Ambrosia artemisiifolia,Alsemambrosia
49,Calammophila baltica,Noordse helm
50,Ammophila arenaria,Helm
51,Anacamptis pyramidalis,Hondskruid
52,Anagallis arvensis s. arvensis,Rood guichelheil
53,Anagallis tenella,Teer guichelheil
54,Anchusa officinalis,Gewone ossentong
55,Andromeda polifolia,Lavendelhei
56,Anemone nemorosa,Bosanemoon
57,Pulsatilla vulgaris,Wildemanskruid
58,Anemone ranunculoides,Gele anemoon
59,Angelica archangelica,Grote engelwortel
60,Angelica sylvestris,Gewone engelwortel
61,Antennaria dioica,Rozenkransje
62,Anthemis arvensis,Valse kamille
63,Anthemis cotula,Stinkende kamille
64,Anthemis tinctoria,Gele kamille
65,Anthericum liliago,Grote graslelie
66,Anthoxanthum odoratum,Gewoon reukgras
67,Anthoxanthum aristatum,Slofhak
68,Anthriscus caucalis,Fijne kervel
69,Anthriscus cerefolium,Echte kervel
70,Anthriscus sylvestris,Fluitenkruid
71,Anthyllis vulneraria,Wondklaver
72,Misopates orontium,Akkerleeuwenbek
73,Apera spica-venti,Grote windhalm
74,Aphanes arvensis,Grote leeuwenklauw
75,Aphanes inexpectata,Kleine leeuwenklauw
76,Apium graveolens,Selderij
77,Apium inundatum,Ondergedoken moerasscherm
78,Apium nodiflorum,Groot moerasscherm
79,Apium repens,Kruipend moerasscherm
80,Aquilegia vulgaris,Wilde akelei
81,Arabidopsis thaliana,Zandraket
82,Arabis hirsuta s. hirsuta,Ruige scheefkelk s.s.
83,Arctium lappa,Grote klit
84,Arctium minus (excl. A. pubens),Kleine klit
86,Arctium pubens,Middelste klit
87,Arctium tomentosum,Donzige klit
88,Arctostaphylos uva-ursi,Berendruif
89,Arenaria serpyllifolia,Gewone zandmuur
90,Aristolochia clematitis,Pijpbloem
91,Armeria maritima,Engels gras
92,Armoracia rusticana,Mierik
93,Arnica montana,Valkruid
94,Arnoseris minima,Korensla
96,Arrhenatherum elatius,Glanshaver
97,Artemisia absinthium,Absintalsem
98,Artemisia campestris s. campestris,Wilde averuit
99,Artemisia campestris s. maritima,Duinaveruit
100,Seriphidium maritimum,Zeealsem
101,Artemisia vulgaris,Bijvoet
102,Arum italicum,Italiaanse aronskelk
103,Arum maculatum,Gevlekte aronskelk
104,Asparagus officinalis s. officinalis,Tuinasperge
105,Asparagus officinalis s. prostratus,Liggende asperge
106,Asperugo procumbens,Scherpkruid
108,Asperula cynanchica,Kalkbedstro
110,Galium odoratum,Lievevrouwebedstro
112,Asplenium ruta-muraria,Muurvaren
114,Aster lanceolatus,Smalle aster
117,Aster tripolium,Zulte
118,Astragalus glycyphyllos,Wilde hokjespeul
119,Athyrium filix-femina,Wijfjesvaren
120,Atriplex glabriuscula,Kustmelde
121,Atriplex prostrata,Spiesmelde
122,Atriplex littoralis,Strandmelde
123,Atriplex patula,Uitstaande melde
124,Atriplex laciniata,Gelobde melde
126,Avena fatua,Oot
127,Azolla mexicana,Kleine kroosvaren
128,Azolla filiculoides,Grote kroosvaren
129,Ballota nigra s. foetida,Stinkende ballote
131,Barbarea stricta,Stijf barbarakruid
133,Barbarea vulgaris,Gewoon barbarakruid
135,Bellis perennis,Madeliefje
136,Berberis vulgaris,Zuurbes
137,Berteroa incana,Grijskruid
138,Beta vulgaris s. maritima,Strandbiet
139,Betula pubescens,Zachte berk
140,Betula pendula,Ruwe berk
141,Bidens cernua,Knikkend tandzaad
142,Bidens connata,Smal tandzaad
143,Bidens frondosa,Zwart tandzaad
144,Bidens tripartita,Veerdelig tandzaad
145,Blackstonia perfoliata s. serotina,Herfstbitterling
146,Blechnum spicant,Dubbelloof
148,Botrychium lunaria,Gelobde maanvaren
149,Botrychium matricariifolium,Vertakte maanvaren
150,Brachypodium pinnatum,Gevinde kortsteel
151,Brachypodium sylvaticum,Boskortsteel
152,Brassica nigra,Zwarte mosterd
153,Briza media,Bevertjes
155,Bromopsis ramosa s. benekenii,Bosdravik
157,Bromopsis erecta,Bergdravik
159,Bromopsis inermis,Kweekdravik
162,Bromus racemosus s. racemosus,Velddravik
163,Bromopsis ramosa s. ramosa,Ruwe dravik
164,Bromus secalinus,Dreps
165,Anisantha sterilis,IJle dravik
166,Anisantha tectorum,Zwenkdravik
167,Bryonia dioica,Heggenrank
168,Bunias orientalis,Grote hardvrucht
169,Bunium bulbocastanum,Aardkastanje
170,Bupleurum tenuissimum,Fijn goudscherm
171,Butomus umbellatus,Zwanenbloem
172,Cakile maritima,Zeeraket
173,Calamagrostis canescens,Hennegras
174,Calamagrostis epigejos,Duinriet
175,Calamagrostis stricta,Stijf struisriet
178,Calla palustris,Slangenwortel
180,Callitriche hamulata,Haaksterrenkroos
181,Callitriche hermaphroditica,Rond sterrenkroos
182,Callitriche obtusangula,Stomphoekig sterrenkroos
184,Callitriche platycarpa,Gewoon sterrenkroos
185,Callitriche stagnalis,Gevleugeld sterrenkroos
186,Calluna vulgaris,Struikhei
187,Caltha palustris s. palustris,Gewone dotterbloem
188,Calystegia sepium,Haagwinde
189,Calystegia soldanella,Zeewinde
191,Campanula glomerata,Kluwenklokje
194,Campanula persicifolia,Prachtklokje
195,Campanula rapunculoides,Akkerklokje
196,Campanula rapunculus,Rapunzelklokje
198,Campanula rotundifolia,Grasklokje
199,Campanula trachelium,Ruig klokje
200,Capsella bursa-pastoris,Gewoon herderstasje
201,Cardamine amara,Bittere veldkers
202,Cardamine flexuosa,Bosveldkers
203,Cardamine hirsuta,Kleine veldkers
204,Cardamine impatiens,Springzaadveldkers
205,Cardamine pratensis,Pinksterbloem
206,Arabis arenosa,Rozetsteenkers
207,Carduus acanthoides,Langstekelige distel
208,Carduus crispus,Kruldistel
209,Carduus nutans,Knikkende distel
211,Carex acuta,Scherpe zegge
212,Carex acutiformis,Moeraszegge
213,Carex appropinquata,Paardenhaarzegge
214,Carex aquatilis,Noordse zegge
215,Carex arenaria,Zandzegge
217,Carex buxbaumii,Knotszegge
218,Carex caryophyllea,Voorjaarszegge
219,Carex curta,Zompzegge
220,Carex oederi s. oedocarpa,Geelgroene zegge
221,Carex diandra,Ronde zegge
222,Carex digitata,Vingerzegge
223,Carex dioica,Tweehuizige zegge
224,Carex distans,Zilte zegge
225,Carex disticha,Tweerijige zegge
228,Carex echinata,Sterzegge
229,Carex elongata,Elzenzegge
231,Carex extensa,Kwelderzegge
232,Carex flacca,Zeegroene zegge
233,Carex flava,Gele zegge
234,Carex hartmanii,Kleine knotszegge
235,Carex hirta,Ruige zegge
236,Carex hostiana,Blonde zegge
237,Carex elata,Stijve zegge
239,Carex lasiocarpa,Draadzegge
240,Carex lepidocarpa,Schubzegge
241,Carex ligerica,Carex ligerica
242,Carex limosa,Slijkzegge
243,Carex muricata,Dichte bermzegge
244,Carex nigra,Zwarte zegge
245,Carex otrubae,Valse voszegge
246,Carex ovalis,Hazenzegge
247,Carex pallescens,Bleke zegge
248,Carex panicea,Blauwe zegge
249,Carex paniculata,Pluimzegge
250,Carex pendula,Hangende zegge
251,Carex pilulifera,Pilzegge
254,Carex pseudocyperus,Hoge cyperzegge
255,Carex pulicaris,Vlozegge
256,Carex punctata,Stippelzegge
257,Carex reichenbachii,Carex reichenbachii
258,Carex remota,IJle zegge
259,Carex riparia,Oeverzegge
260,Carex rostrata,Snavelzegge
261,Carex oederi s. oederi,Dwergzegge
262,Carex spicata,Gewone bermzegge
263,Carex strigosa,Slanke zegge
264,Carex sylvatica,Boszegge
266,Carex trinervis,Drienervige zegge
267,Carex vesicaria,Blaaszegge
268,Carex vulpina,Voszegge
269,Carlina vulgaris,Driedistel
270,Carpinus betulus,Haagbeuk
271,Carum carvi,Echte karwij
272,Carum verticillatum,Kranskarwij
273,Castanea sativa,Tamme kastanje
274,Catabrosa aquatica,Watergras
275,Catapodium marinum,Laksteeltje
276,Catapodium rigidum,Stijf hardgras
279,Centaurea cyanus,Korenbloem
284,Centaurea scabiosa,Grote centaurie
285,Centaurium littorale,Strandduizendguldenkruid
286,Centaurium erythraea,Echt duizendguldenkruid
287,Centaurium pulchellum,Fraai duizendguldenkruid
288,Anagallis minima,Dwergbloem
289,Cephalanthera damasonium,Bleek bosvogeltje
291,Cephalanthera rubra,Rood bosvogeltje
292,Cerastium arvense,Akkerhoornbloem
293,Cerastium diffusum,Scheve hoornbloem
295,Cerastium glomeratum,Kluwenhoornbloem
296,Cerastium fontanum s. vulgare,Gewone hoornbloem
297,Cerastium pumilum,Steenhoornbloem
298,Cerastium semidecandrum,Zandhoornbloem
299,Ceratophyllum demersum,Grof hoornblad
300,Ceratophyllum submersum,Fijn hoornblad
302,Chaerophyllum bulbosum,Knolribzaad
303,Chaerophyllum temulum,Dolle kervel
305,Chelidonium majus,Stinkende gouwe
306,Chenopodium album,Melganzenvoet
307,Chenopodium bonus-henricus,Brave hendrik
310,Chenopodium ficifolium,Stippelganzenvoet
311,Chenopodium foliosum,Rode aardbeispinazie
312,Chenopodium glaucum,Zeegroene ganzenvoet
313,Chenopodium hybridum,Esdoornganzenvoet
314,Chenopodium murale,Muurganzenvoet
315,Chenopodium polyspermum,Korrelganzenvoet
316,Chenopodium rubrum,Rode ganzenvoet
319,Leucanthemum vulgare,Gewone margriet
320,Tanacetum parthenium,Moederkruid
321,Chrysanthemum segetum,Gele ganzenbloem
322,Chrysosplenium alternifolium,Verspreidbladig goudveil
323,Chrysosplenium oppositifolium,Paarbladig goudveil
324,Cicendia filiformis,Draadgentiaan
325,Cichorium intybus,Wilde cichorei
326,Cicuta virosa,Waterscheerling
329,Circaea lutetiana,Groot heksenkruid
330,Cirsium acaule,Aarddistel
331,Cirsium arvense,Akkerdistel
332,Cirsium dissectum,Spaanse ruiter
333,Cirsium eriophorum,Wollige distel
334,Cirsium oleraceum,Moesdistel
335,Cirsium palustre,Kale jonker
336,Cirsium vulgare,Speerdistel
337,Cladium mariscus,Galigaan
338,Claytonia perfoliata,Witte winterpostelein
339,Clematis vitalba,Bosrank
341,Cochlearia officinalis s. anglica,Engels lepelblad
342,Cochlearia danica,Deens lepelblad
343,Cochlearia officinalis s. officinalis,Echt lepelblad
344,Coeloglossum viride,Groene nachtorchis
345,Colchicum autumnale,Wilde herfsttijloos
346,Potentilla palustris,Wateraardbei
347,Conium maculatum,Gevlekte scheerling
348,Conringia orientalis,Witte steenraket
349,Convallaria majalis,Lelietje-van-dalen
350,Convolvulus arvensis,Akkerwinde
353,Corispermum intermedium,Smal vlieszaad
355,Cornus sanguinea,Rode kornoelje
356,Cornus suecica,Zweedse kornoelje
357,Securigera varia,Bont kroonkruid
358,Coronopus didymus,Kleine varkenskers
359,Coronopus squamatus,Grove varkenskers
360,Corrigiola litoralis,Riempjes
361,Corydalis cava,Holwortel
362,Ceratocapnos claviculata,Rankende helmbloem
364,Pseudofumaria lutea,Gele helmbloem
365,Corydalis solida,Vingerhelmbloem
366,Corylus avellana,Hazelaar
367,Corynephorus canescens,Buntgras
368,Crambe maritima,Zeekool
369,Crataegus monogyna,Eenstijlige meidoorn
370,Crataegus laevigata,Tweestijlige meidoorn
371,Crepis biennis,Groot streepzaad
372,Crepis capillaris,Klein streepzaad
373,Crepis paludosa,Moerasstreepzaad
374,Crepis tectorum,Smal streepzaad
375,Crepis vesicaria s. taraxacifolia,Paardenbloemstreepzaad
376,Crithmum maritimum,Zeevenkel
377,Cucubalus baccifer,Besanjelier
379,Cuscuta epithymum,Klein warkruid
380,Cuscuta europaea,Groot warkruid
382,Cuscuta lupuliformis,Hopwarkruid
383,Vincetoxicum hirundinaria,Witte engbloem
384,Cynodon dactylon,Handjesgras
385,Cynoglossum officinale,Veldhondstong
386,Cynosurus cristatus,Kamgras
388,Cyperus fuscus,Bruin cypergras
389,Cystopteris fragilis,Blaasvaren
390,Dactylis glomerata,Kropaar
392,Daphne mezereum,Rood peperboompje
393,Datura stramonium,Doornappel
394,Daucus carota,Peen
396,Consolida regalis,Wilde ridderspoor
397,Deschampsia cespitosa,Ruwe smele
398,Deschampsia flexuosa,Bochtige smele
399,Deschampsia setacea,Moerassmele
400,Descurainia sophia,Sofiekruid
402,Dianthus armeria,Ruige anjer
403,Dianthus carthusianorum,Karthuizer anjer
404,Dianthus deltoides,Steenanjer
406,Digitalis purpurea,Gewoon vingerhoedskruid
407,Digitaria ischaemum,Glad vingergras
408,Digitaria sanguinalis,Harig vingergras
409,Diplotaxis muralis,Kleine zandkool
410,Diplotaxis tenuifolia,Grote zandkool
411,Dipsacus pilosus,Kleine kaardebol
412,Dipsacus fullonum,Grote kaardebol
413,Doronicum pardalianches,Hartbladzonnebloem
414,Doronicum plantagineum,Weegbreezonnebloem
415,Draba muralis,Wit hongerbloempje
416,Drosera longifolia,Lange zonnedauw
417,Drosera intermedia,Kleine zonnedauw
418,Drosera rotundifolia,Ronde zonnedauw
419,Dryopteris dilatata,Brede stekelvaren
420,Dryopteris cristata,Kamvaren
421,Dryopteris filix-mas,Mannetjesvaren
422,Gymnocarpium dryopteris,Gebogen driehoeksvaren
423,Oreopteris limbosperma,Stippelvaren
424,Phegopteris connectilis,Smalle beukvaren
426,Dryopteris carthusiana,Smalle stekelvaren
427,Thelypteris palustris,Moerasvaren
428,Echinochloa crus-galli,Hanenpoot
429,Echinodorus ranunculoides,Stijve moerasweegbree
430,Echinodorus repens,Kruipende moerasweegbree
431,Echium vulgare,Slangenkruid
432,Elatine hexandra,Gesteeld glaskroos
435,Eleocharis acicularis,Naaldwaterbies
436,Eleocharis multicaulis,Veelstengelige waterbies
437,Eleocharis palustris,Gewone waterbies
438,Eleocharis quinqueflora,Armbloemige waterbies
440,Eleocharis uniglumis,Slanke waterbies
441,Elodea canadensis,Brede waterpest
442,Elodea nuttallii,Smalle waterpest
443,Leymus arenarius,Zandhaver
444,Elytrigia juncea s. boreoatlantica,Biestarwegras
445,Elytrigia atherica,Strandkweek
446,Elytrigia repens,Kweek
447,Empetrum nigrum,Kraaihei
448,Epilobium ciliatum,Beklierde basterdwederik
450,Chamerion angustifolium,Wilgenroosje
451,Epilobium hirsutum,Harig wilgenroosje
453,Epilobium lanceolatum,Lancetbladige basterdwederik
454,Epilobium montanum,Bergbasterdwederik
455,Epilobium obscurum,Donkergroene basterdwederik
456,Epilobium palustre,Moerasbasterdwederik
457,Epilobium parviflorum,Viltige basterdwederik
458,Epilobium roseum,Bleke basterdwederik
460,Epipactis helleborine,Brede wespenorchis
461,Epipactis palustris,Moeraswespenorchis
462,Equisetum arvense,Heermoes
463,Equisetum fluviatile,Holpijp
465,Equisetum x litorale,Bastaardpaardenstaart
466,Equisetum palustre,Lidrus
467,Equisetum ramosissimum,Vertakte paardenstaart
469,Equisetum telmateia,Reuzenpaardenstaart
470,Equisetum x trachyodon,Ruwe paardenstaart
471,Equisetum variegatum,Bonte paardenstaart
472,Erica cinerea,Rode dophei
473,Erica tetralix,Gewone dophei
474,Erigeron acer,Scherpe fijnstraal
475,Conyza canadensis,Canadese fijnstraal
476,Eriophorum angustifolium,Veenpluis
477,Eriophorum gracile,Slank wollegras
478,Eriophorum latifolium,Breed wollegras
479,Eriophorum vaginatum,Eenarig wollegras
480,Erodium cicutarium s. cicutarium,Gewone reigersbek s.s.
481,Erodium lebelii,Kleverige reigersbek
482,Erodium cicutarium s. dunense,Duinreigersbek
483,Erophila verna,Vroegeling
484,Erucastrum gallicum,Schijnraket
485,Eryngium campestre,Echte kruisdistel
486,Eryngium maritimum,Blauwe zeedistel
487,Erysimum cheiranthoides,Gewone steenraket
488,Erysimum hieracifolium,Stijve steenraket
489,Euonymus europaeus,Wilde kardinaalsmuts
490,Eupatorium cannabinum,Koninginnenkruid
491,Euphorbia amygdaloides,Amandelwolfsmelk
492,Euphorbia cyparissias,Cipreswolfsmelk
494,Euphorbia exigua,Kleine wolfsmelk
495,Euphorbia helioscopia,Kroontjeskruid
496,Euphorbia palustris,Moeraswolfsmelk
497,Euphorbia paralias,Zeewolfsmelk
498,Euphorbia peplus,Tuinwolfsmelk
499,Euphorbia platyphyllos,Brede wolfsmelk
500,Euphorbia seguieriana,Zandwolfsmelk
501,Euphorbia stricta,Stijve wolfsmelk
506,Odontites vernus s. litoralis,Vroege ogentroost
509,Odontites vernus s. serotinus,Rode ogentroost
511,Euphrasia rostkoviana,Beklierde ogentroost
513,Fagus sylvatica,Beuk
514,Festuca arundinacea,Rietzwenkgras
515,Festuca gigantea,Reuzenzwenkgras
517,Festuca arenaria,Duinzwenkgras
518,"Festuca ovina ag. (incl. F. cinerea, F. filiformis)",Schapegras
519,Festuca pratensis,Beemdlangbloem
520,Festuca rubra,Rood zwenkgras s.s.
521,Festulolium loliaceum,Trosraaigras
523,Filago vulgaris,Duits viltkruid
524,Filago minima,Dwergviltkruid
526,Filipendula ulmaria,Moerasspirea
527,Filipendula vulgaris,Knolspirea
529,Fragaria vesca,Bosaardbei
530,Rhamnus frangula,Sporkehout
531,Fraxinus excelsior,Gewone es
532,Fritillaria meleagris,Wilde kievitsbloem
533,Fumaria officinalis,Gewone duivenkervel
534,Gagea lutea,Bosgeelster
535,Gagea pratensis,Weidegeelster
536,Gagea spathacea,Schedegeelster
537,Gagea villosa,Akkergeelster
538,Galanthus nivalis,Gewoon sneeuwklokje
539,Galeopsis angustifolia,Smalle raai
540,Galeopsis bifida,Gespleten hennepnetel
541,Galeopsis segetum,Bleekgele hennepnetel
542,Galeopsis speciosa,Dauwnetel
543,Galeopsis tetrahit,Gewone hennepnetel
544,Galinsoga quadriradiata,Harig knopkruid
545,Galinsoga parviflora,Kaal knopkruid
546,Galium aparine,Kleefkruid
547,Galium boreale,Noords walstro
548,Cruciata laevipes,Kruisbladwalstro
549,Galium saxatile,Liggend walstro
550,Galium mollugo,Glad walstro
551,Galium x pomeranicum,Geelwit walstro
553,Galium pumilum,Kalkwalstro
554,Galium sylvaticum,Boswalstro
555,Galium tricornutum,Driehoornig walstro
556,Galium uliginosum,Ruw walstro
557,Galium verum,Geel walstro
558,Genista anglica,Stekelbrem
560,Genista pilosa,Kruipbrem
561,Genista tinctoria,Verfbrem
562,Gentianella amarella,Slanke gentiaan
563,Gentianella campestris,Veldgentiaan
565,Gentianella ciliata,Franjegentiaan
566,Gentiana cruciata,Kruisbladgentiaan
567,Gentianella germanica,Duitse gentiaan
568,Gentiana pneumonanthe,Klokjesgentiaan
569,Geranium columbinum,Fijne ooievaarsbek
570,Geranium dissectum,Slipbladige ooievaarsbek
571,Geranium molle,Zachte ooievaarsbek
572,Geranium phaeum,Donkere ooievaarsbek
573,Geranium pratense,Beemdooievaarsbek
574,Geranium pusillum,Kleine ooievaarsbek
575,Geranium pyrenaicum,Bermooievaarsbek
576,Geranium robertianum,Robertskruid
577,Geranium rotundifolium,Ronde ooievaarsbek
578,Geum rivale,Knikkend nagelkruid
579,Geum urbanum,Geel nagelkruid
580,Glaucium flavum,Gele hoornpapaver
581,Glaux maritima,Melkkruid
582,Glechoma hederacea,Hondsdraf
583,Glyceria declinata,Getand vlotgras
584,Glyceria fluitans,Mannagras
585,Glyceria maxima,Liesgras
586,Glyceria notata,Stomp vlotgras
587,Gnaphalium luteo-album,Bleekgele droogbloem
588,Gnaphalium sylvaticum,Bosdroogbloem
589,Gnaphalium uliginosum,Moerasdroogbloem
590,Goodyera repens,Dennenorchis
591,Gratiola officinalis,Genadekruid
593,Gymnadenia conopsea,Grote muggenorchis
595,Atriplex pedunculata,Gesteelde zoutmelde
596,Atriplex portulacoides,Gewone zoutmelde
597,Hammarbya paludosa,Veenmosorchis
598,Hedera helix,Klimop
601,Helianthus x laetiflorus,Stijve zonnebloem
603,Helictotrichon pratense,Beemdhaver
604,Helictotrichon pubescens,Zachte haver
606,Heracleum mantegazzianum,Reuzenberenklauw
607,Heracleum sphondylium,Gewone berenklauw
608,Herminium monorchis,Honingorchis
609,Herniaria glabra,Kaal breukkruid
611,Hieracium aurantiacum,Oranje havikskruid
612,Hieracium lactucella,Spits havikskruid
615,Hieracium caespitosum,Weidehavikskruid
618,Hieracium laevigatum,Stijf havikskruid
621,Hieracium pilosella,Muizenoor
624,Hieracium sabaudum,Boshavikskruid
625,Hieracium umbellatum,Schermhavikskruid
626,Hierochloe odorata,Veenreukgras
628,Hippocrepis comosa,Paardenhoefklaver
629,Hippophae rhamnoides,Duindoorn
630,Hippuris vulgaris,Lidsteng
631,Holcus lanatus,Gestreepte witbol
632,Holcus mollis,Gladde witbol
633,Holosteum umbellatum,Heelbeen
634,Honckenya peploides,Zeepostelein
635,Hordeum marinum,Zeegerst
636,Hordeum murinum,Kruipertje
637,Hordeum secalinum,Veldgerst
638,Hottonia palustris,Waterviolier
639,Humulus lupulus,Hop
640,Hydrocharis morsus-ranae,Kikkerbeet
641,Hydrocotyle vulgaris,Gewone waternavel
642,Hyoscyamus niger,Bilzekruid
643,Hypericum canadense,Canadees hertshooi
644,Hypericum elodes,Moerashertshooi
645,Hypericum hirsutum,Ruig hertshooi
646,Hypericum humifusum,Liggend hertshooi
647,Hypericum dubium,Kantig hertshooi
648,Hypericum montanum,Berghertshooi
649,Hypericum perforatum,Sint-Janskruid
650,Hypericum pulchrum,Fraai hertshooi
651,Hypericum tetrapterum,Gevleugeld hertshooi
652,Hypochaeris glabra,Glad biggenkruid
654,Hypochaeris radicata,Gewoon biggenkruid
657,Iberis amara,Bittere scheefbloem
658,Ilex aquifolium,Hulst
659,Illecebrum verticillatum,Grondster
660,Impatiens noli-tangere,Groot springzaad
661,Impatiens parviflora,Klein springzaad
662,Inula britannica,Engelse alant
663,Inula conyzae,Donderkruid
665,Iris pseudacorus,Gele lis
667,Isoetes lacustris,Grote biesvaren
668,Isoetes echinospora,Kleine biesvaren
669,Jasione montana,Zandblauwtje
670,Juncus acutiflorus,Veldrus
671,Juncus ambiguus,Zilte greppelrus
672,Juncus alpinoarticulatus s. atricapillus,Duinrus s.s.
673,Juncus articulatus,Zomprus
674,Juncus balticus,Noordse rus
675,Juncus bufonius,Greppelrus
677,Juncus capitatus,Koprus
678,Juncus compressus,Platte rus
679,Juncus conglomeratus,Biezenknoppen
680,Juncus effusus,Pitrus
681,Juncus filiformis,Draadrus
682,Juncus alpinoarticulatus s. alpinoarticulatus,Alpenrus
683,Juncus gerardi,Zilte rus
684,Juncus inflexus,Zeegroene rus
685,Juncus maritimus,Zeerus
686,Juncus pygmaeus,Dwergrus
687,Juncus squarrosus,Trekrus
688,Juncus subnodulosus,Paddenrus
689,Juncus tenageia,Wijdbloeiende rus
690,Juncus tenuis,Tengere rus
691,Juniperus communis,Jeneverbes
692,Knautia arvensis,Beemdkroon
693,Koeleria macrantha,Smal fakkelgras
695,Koeleria pyramidata,Breed fakkelgras
696,Petrorhagia prolifera,Mantelanjer
699,Lactuca serriola,Kompassla
700,Lamium album,Witte dovenetel
701,Lamium amplexicaule,Hoenderbeet
702,Lamiastrum galeobdolon,Gele dovenetel
703,Lamium hybridum,Ingesneden dovenetel
704,Lamium maculatum,Gevlekte dovenetel
706,Lamium purpureum,Paarse dovenetel s.s.
707,Lappula squarrosa,Stekelzaad
708,Lapsana communis,Akkerkool
710,Lathyrus aphaca,Naakte lathyrus
711,Lathyrus linifolius,Knollathyrus
713,Lathyrus nissolia,Graslathyrus
714,Lathyrus palustris,Moeraslathyrus
715,Lathyrus pratensis,Veldlathyrus
716,Lathyrus sylvestris,Boslathyrus
717,Lathyrus tuberosus,Aardaker
719,Leersia oryzoides,Rijstgras
720,Legousia hybrida,Klein spiegelklokje
721,Legousia speculum-veneris,Groot spiegelklokje
722,Lemna gibba,Bultkroos
723,Lemna minor,Klein kroos
724,Lemna trisulca,Puntkroos
725,Leontodon autumnalis,Vertakte leeuwentand
726,Leontodon hispidus,Ruige leeuwentand
727,Leontodon saxatilis,Kleine leeuwentand
728,Leonurus cardiaca,Hartgespan
729,Lepidium campestre,Veldkruidkers
730,Lepidium draba,Pijlkruidkers
732,Lepidium latifolium,Peperkers
733,Lepidium ruderale,Steenkruidkers
734,Leucojum aestivum,Zomerklokje
736,Ligustrum vulgare,Wilde liguster
738,Limonium vulgare,Lamsoor
739,Limosella aquatica,Slijkgroen
740,Linaria arvensis,Blauwe leeuwenbek
741,Cymbalaria muralis,Muurleeuwenbek
742,Kickxia elatine,Spiesleeuwenbek
743,Chaenorhinum minus,Kleine leeuwenbek
744,Kickxia spuria,Eironde leeuwenbek
745,Linaria vulgaris,Vlasbekje
746,Linnaea borealis,Linnaeusklokje
747,Linum catharticum,Geelhartje
748,Liparis loeselii,Groenknolorchis
749,Listera cordata,Kleine keverorchis
750,Listera ovata,Grote keverorchis
751,Lithospermum arvense,Ruw parelzaad
752,Lithospermum officinale,Glad parelzaad
753,Littorella uniflora,Oeverkruid
754,Lobelia dortmanna,Waterlobelia
755,Lolium multiflorum,Italiaans raaigras
756,Lolium perenne,Engels raaigras
758,Lolium temulentum,Dolik
759,Lonicera periclymenum,Wilde kamperfoelie
760,Lonicera xylosteum,Rode kamperfoelie
761,Lotus corniculatus v. corniculatus,Gewone rolklaver
762,Lotus glaber,Smalle rolklaver
763,Lotus pedunculatus,Moerasrolklaver
764,Ludwigia palustris,Waterlepeltje
765,Luronium natans,Drijvende waterweegbree
766,Luzula campestris,Gewone veldbies
769,Luzula luzuloides,Witte veldbies
770,Luzula pilosa,Ruige veldbies
771,Luzula sylvatica,Grote veldbies
772,Lychnis flos-cuculi,Echte koekoeksbloem
773,Lycium barbarum,Boksdoorn
774,Lycopodium annotinum,Stekende wolfsklauw
775,Lycopodium clavatum,Grote wolfsklauw
776,Diphasiastrum tristachyum,Kleine wolfsklauw
777,Lycopodiella inundata,Moeraswolfsklauw
778,Huperzia selago,Dennenwolfsklauw
779,Anchusa arvensis,Kromhals
780,Lycopus europaeus,Wolfspoot
781,Lysimachia nemorum,Boswederik
782,Lysimachia nummularia,Penningkruid
783,Lysimachia thyrsiflora,Moeraswederik
784,Lysimachia vulgaris,Grote wederik
785,Lythrum salicaria,Grote kattenstaart
786,Maianthemum bifolium,Dalkruid
788,Malva alcea,Vijfdelig kaasjeskruid
789,Malva moschata,Muskuskaasjeskruid
790,Malva neglecta,Klein kaasjeskruid
791,Malva pusilla,Rond kaasjeskruid
792,Malva sylvestris,Groot kaasjeskruid
793,Marrubium vulgare,Malrove
794,Matricaria recutita,Echte kamille
795,Tripleurospermum maritimum,Reukeloze kamille
796,Matricaria discoidea,Schijfkamille
797,Medicago arabica,Gevlekte rupsklaver
798,Medicago falcata,Sikkelklaver
799,Medicago lupulina,Hopklaver
800,Medicago minima,Kleine rupsklaver
801,Medicago sativa,Luzerne
802,Medicago x varia,Bonte luzerne
803,Melampyrum arvense,Wilde weit
804,Melampyrum pratense,Hengel
805,Silene latifolia,Avondkoekoeksbloem
806,Silene noctiflora,Nachtkoekoeksbloem
807,Silene dioica,Dagkoekoeksbloem
808,Melica uniflora,Eenbloemig parelgras
809,Melilotus albus,Witte honingklaver
810,Melilotus altissimus,Goudgele honingklaver
812,Melilotus officinalis,Citroengele honingklaver
813,Mentha aquatica,Watermunt
814,Mentha arvensis,Akkermunt
815,Mentha longifolia,Hertsmunt
817,Mentha pulegium,Polei
818,Mentha suaveolens,Witte munt
820,Mentha x verticillata,Kransmunt
821,Menyanthes trifoliata,Waterdrieblad
822,Mercurialis annua,Tuinbingelkruid
823,Mercurialis perennis,Bosbingelkruid
824,Mespilus germanica,Mispel
825,Mibora minima,Dwerggras
826,Milium effusum,Bosgierstgras
827,Milium vernale,Ruw gierstgras
829,Minuartia hybrida,Tengere veldmuur
830,Moehringia trinervia,Drienerfmuur
831,Moenchia erecta,Kruismuur
832,Molinia caerulea,Pijpenstrootje
834,Monotropa hypopitys,Stofzaad
835,Montia fontana s. chondrosperma,Klein bronkruid
837,Muscari botryoides,Blauwe druifjes
839,Mycelis muralis,Muursla
840,Myosotis arvensis,Akkervergeet-mij-nietje
841,Myosotis laxa s. cespitosa,Zompvergeet-mij-nietje
842,Myosotis discolor,Veelkleurig vergeet-mij-nietje
843,Myosotis ramosissima,Ruw vergeet-mij-nietje
844,Myosotis scorpioides,Moerasvergeet-mij-nietje
845,Myosotis stricta,Stijf vergeet-mij-nietje
846,Myosotis sylvatica,Bosvergeet-mij-nietje
847,Stellaria aquatica,Watermuur
848,Myosurus minimus,Muizenstaart
849,Myrica gale,Wilde gagel
850,Myriophyllum alterniflorum,Teer vederkruid
851,Myriophyllum spicatum,Aarvederkruid
852,Myriophyllum verticillatum,Kransvederkruid
854,Najas marina,Groot nimfkruid
857,Nardus stricta,Borstelgras
858,Narthecium ossifragum,Beenbreek
859,Rorippa microphylla,Slanke waterkers
860,Rorippa nasturtium-aquaticum,Witte waterkers
861,Neottia nidus-avis,Vogelnestje
862,Nepeta cataria,Wild kattenkruid
863,Nicandra physalodes,Zegekruid
865,Nuphar lutea,Gele plomp
866,Nymphaea alba,Witte waterlelie
867,Nymphoides peltata,Watergentiaan
868,Oenanthe aquatica,Watertorkruid
869,Oenanthe fistulosa,Pijptorkruid
870,Oenanthe lachenalii,Zilt torkruid
872,Oenothera biennis,Middelste teunisbloem
873,Oenothera erythrosepala,Grote teunisbloem
874,Oenothera parviflora,Kleine teunisbloem s.l.
875,Onobrychis viciifolia,Esparcette
876,Ononis repens s. repens,Kruipend stalkruid
877,Ononis repens s. spinosa,Kattendoorn
878,Onopordum acanthium,Wegdistel
879,Ophioglossum vulgatum,Addertong
880,Ophrys apifera,Bijenorchis
881,Ophrys insectifera,Vliegenorchis
884,Dactylorhiza incarnata,Vleeskleurige orchis
885,Dactylorhiza maculata s. maculata,Dactylorhiza maculata s. maculata
886,Dactylorhiza majalis s. majalis,Brede orchis
887,Orchis mascula,Mannetjesorchis
888,Orchis militaris,Soldaatje
889,Orchis morio,Harlekijn
890,Dactylorhiza majalis s. praetermissa,Rietorchis
891,Orchis purpurea,Purperorchis
894,Origanum vulgare,Wilde marjolein
895,Ornithogalum nutans,Knikkende vogelmelk
896,Ornithogalum umbellatum,Gewone vogelmelk
897,Ornithopus perpusillus,Klein vogelpootje
899,Orobanche hederae,Klimopbremraap
900,Orobanche lutea,Rode bremraap
901,Orobanche minor,Klavervreter
902,Orobanche picridis,Bitterkruidbremraap
903,Orobanche purpurea,Blauwe bremraap
905,Orobanche rapum-genistae,Grote bremraap
907,Orobanche caryophyllacea,Walstrobremraap
908,Osmunda regalis,Koningsvaren
909,Oxalis acetosella,Witte klaverzuring
911,Oxalis fontana,Stijve klaverzuring
912,Oxycoccus macrocarpos,Grote veenbes
913,Oxycoccus palustris,Kleine veenbes
914,Papaver argemone,Ruige klaproos
915,Papaver dubium,Bleke klaproos
916,Papaver rhoeas,Grote klaproos
917,Parapholis strigosa,Dunstaart
918,Parietaria officinalis,Groot glaskruid
919,Parietaria judaica,Klein glaskruid
920,Paris quadrifolia,Eenbes
921,Parnassia palustris,Parnassia
922,Pastinaca sativa,Gewone pastinaak
923,Pedicularis palustris,Moeraskartelblad
924,Pedicularis sylvatica,Heidekartelblad
925,Lythrum portula,Waterpostelein
926,Petasites hybridus,Groot hoefblad
927,Petroselinum segetum,Wilde peterselie
928,Peucedanum carvifolia,Karwijvarkenskervel
929,Peucedanum palustre,Melkeppe
930,Phalaris arundinacea,Rietgras
931,Phleum arenarium,Zanddoddegras
932,Phleum pratense s. pratense,Timoteegras s.s.
933,Phragmites australis,Riet
935,Phyteuma spicatum s. nigrum,Zwartblauwe rapunzel
936,Phyteuma spicatum s. spicatum,Witte rapunzel
937,Picris echioides,Dubbelkelk
938,Picris hieracioides,Echt bitterkruid
939,Pilularia globulifera,Pilvaren
940,Pimpinella major,Grote bevernel
941,Pimpinella saxifraga,Kleine bevernel
942,Pinguicula vulgaris,Vetblad
943,Pinus sylvestris,Grove den
944,Plantago coronopus,Hertshoornweegbree
945,Plantago major s. intermedia,Getande weegbree
946,Plantago lanceolata,Smalle weegbree
947,Plantago major s. major,Grote weegbree s.s.
948,Plantago maritima,Zeeweegbree
949,Plantago media,Ruige weegbree
950,Platanthera bifolia,Welriekende nachtorchis
951,Platanthera chlorantha,Bergnachtorchis
952,Poa annua,Straatgras
953,Poa bulbosa,Knolbeemdgras
954,Poa chaixii,Bergbeemdgras
955,Poa compressa,Plat beemdgras
956,Poa nemoralis,Schaduwgras
957,Poa palustris,Moerasbeemdgras
958,Poa pratensis,Veldbeemdgras
959,Poa trivialis,Ruw beemdgras
961,Polygala comosa,Kuifvleugeltjesbloem
962,Polygala serpyllifolia,Liggende vleugeltjesbloem
963,Polygala vulgaris,Gewone vleugeltjesbloem s.l.
964,Polygonatum multiflorum,Gewone salomonszegel
965,Polygonatum odoratum,Welriekende salomonszegel
966,Polygonatum verticillatum,Kranssalomonszegel
967,Persicaria amphibia,Veenwortel
968,Polygonum aviculare,Gewoon varkensgras
969,Persicaria bistorta,Adderwortel
970,Fallopia convolvulus,Zwaluwtong
971,Fallopia dumetorum,Heggenduizendknoop
972,Persicaria hydropiper,Waterpeper
973,Persicaria lapathifolia,Beklierde duizendknoop
974,Polygonum maritimum,Strandvarkensgras
975,Persicaria minor,Kleine duizendknoop
976,Persicaria mitis,Zachte duizendknoop
977,Persicaria maculosa,Perzikkruid
978,Polypodium vulgare,Gewone eikvaren
979,Polystichum aculeatum,Stijve naaldvaren
980,Populus alba,Witte abeel
981,Populus x canescens,Grauwe abeel
982,Populus nigra,Zwarte populier
983,Populus tremula,Ratelpopulier
985,Potamogeton acutifolius,Spits fonteinkruid
986,Potamogeton alpinus,Rossig fonteinkruid
987,Potamogeton berchtoldii,Klein fonteinkruid
988,Potamogeton coloratus,Weegbreefonteinkruid
989,Potamogeton compressus,Plat fonteinkruid
990,Potamogeton crispus,Gekroesd fonteinkruid
991,Groenlandia densa,Paarbladig fonteinkruid
992,Potamogeton mucronatus,Puntig fonteinkruid
993,Potamogeton gramineus,Ongelijkbladig fonteinkruid
994,Potamogeton lucens,Glanzig fonteinkruid
995,Potamogeton natans,Drijvend fonteinkruid
996,Potamogeton nodosus,Rivierfonteinkruid
997,Potamogeton obtusifolius,Stomp fonteinkruid
998,Potamogeton pectinatus,Schedefonteinkruid
999,Potamogeton perfoliatus,Doorgroeid fonteinkruid
1000,Potamogeton polygonifolius,Duizendknoopfonteinkruid
1001,Potamogeton praelongus,Langstengelig fonteinkruid
1002,Potamogeton pusillus,Tenger fonteinkruid
1003,Potamogeton trichoides,Haarfonteinkruid
1004,Potamogeton gramineus x lucens,Gegolfd fonteinkruid
1005,Potentilla anglica,Kruipganzerik
1006,Potentilla anserina,Zilverschoon
1007,Potentilla argentea,Viltganzerik
1008,Potentilla erecta,Tormentil
1009,Potentilla intermedia,Middelste ganzerik
1010,Potentilla reptans,Vijfvingerkruid
1011,Potentilla sterilis,Aardbeiganzerik
1012,Potentilla supina,Liggende ganzerik
1013,Potentilla verna,Voorjaarsganzerik
1014,Primula elatior,Slanke sleutelbloem
1015,Primula veris,Gulden sleutelbloem
1016,Primula vulgaris,Stengelloze sleutelbloem
1017,Prunella vulgaris,Gewone brunel
1018,Prunus avium,Zoete kers
1019,Prunus padus,Vogelkers
1020,Prunus serotina,Amerikaanse vogelkers
1021,Prunus spinosa,Sleedoorn
1022,Pteridium aquilinum,Adelaarsvaren
1023,Puccinellia distans s. distans,Stomp kweldergras s.s.
1024,Puccinellia fasciculata,Blauw kweldergras
1025,Puccinellia maritima,Gewoon kweldergras
1027,Puccinellia distans s. borealis,Bleek kweldergras
1029,Pulicaria dysenterica,Heelblaadjes
1030,Pulicaria vulgaris,Klein vlooienkruid
1032,Pulmonaria officinalis,Gevlekt longkruid
1033,Pyrola minor,Klein wintergroen
1034,Pyrola rotundifolia,Rond wintergroen
1035,Pyrus communis,Peer
1036,Quercus petraea,Wintereik
1037,Quercus robur,Zomereik
1038,Radiola linoides,Dwergvlas
1040,Ranunculus acris,Scherpe boterbloem
1041,Ranunculus aquatilis,Fijne waterranonkel
1042,Ranunculus arvensis,Akkerboterbloem
1043,Ranunculus auricomus,Gulden boterbloem
1044,Ranunculus baudotii,Zilte waterranonkel
1045,Ranunculus bulbosus,Knolboterbloem
1046,Ranunculus circinatus,Stijve waterranonkel
1048,Ranunculus flammula,Egelboterbloem
1049,Ranunculus fluitans,Vlottende waterranonkel
1050,Ranunculus hederaceus,Klimopwaterranonkel
1051,Ranunculus lingua,Grote boterbloem
1052,Ranunculus polyanthemos,Bos- en Kalkboterbloem
1053,Ranunculus ololeucos,Witte waterranonkel
1055,Ranunculus peltatus,Grote waterranonkel
1056,Ranunculus repens,Kruipende boterbloem
1057,Ranunculus sardous,Behaarde boterbloem
1058,Ranunculus sceleratus,Blaartrekkende boterbloem
1061,Raphanus raphanistrum,Knopherik
1062,Reseda lutea,Wilde reseda
1063,Reseda luteola,Wouw
1064,Rhamnus cathartica,Wegedoorn
1065,Rhinanthus alectorolophus,Harige ratelaar
1066,Rhinanthus angustifolius,Grote ratelaar
1067,Rhinanthus minor,Kleine ratelaar
1068,Rhynchospora alba,Witte snavelbies
1069,Rhynchospora fusca,Bruine snavelbies
1070,Ribes nigrum,Zwarte bes
1071,Ribes rubrum,Aalbes
1072,Ribes uva-crispa,Kruisbes
1073,Elymus caninus,Hondstarwegras
1074,Rorippa amphibia,Gele waterkers
1075,Rorippa austriaca,Oostenrijkse kers
1076,Rorippa palustris,Moeraskers
1077,Rorippa amphibia x sylvestris,Middelste waterkers
1078,Rorippa sylvestris,Akkerkers
1079,Rosa agrestis,Rosa agrestis
1080,Rosa arvensis,Bosroos
1083,Rosa pimpinellifolia,Duinroosje
1085,Rosa rugosa,Rimpelroos
1086,Rosa tomentosa,Rosa tomentosa
1089,Rubus caesius,Dauwbraam
1091,Rubus idaeus,Framboos
1092,Rubus saxatilis,Steenbraam
1093,Rumex acetosa,Veldzuring
1094,Rumex acetosella,Schapenzuring
1095,Rumex cripsus x obtusifolius,Bermzuring
1096,Rumex aquaticus,Paardenzuring
1097,Rumex conglomeratus,Kluwenzuring
1098,Rumex crispus,Krulzuring
1099,Rumex hydrolapathum,Waterzuring
1100,Rumex maritimus,Goudzuring
1101,Rumex obtusifolius,Ridderzuring
1102,Rumex palustris,Moeraszuring
1103,Rumex sanguineus,Bloedzuring
1106,Rumex thyrsiflorus,Geoorde zuring
1107,Ruppia maritima,Snavelruppia
1108,Ruppia cirrhosa,Spiraalruppia
1109,Sagina apetala,Tengere vetmuur
1110,Sagina maritima,Zeevetmuur
1111,Sagina nodosa,Sierlijke vetmuur
1112,Sagina procumbens,Liggende vetmuur
1114,Sagittaria sagittifolia,Pijlkruid
1116,Salix alba,Schietwilg
1117,Salix aurita,Geoorde wilg
1118,Salix caprea,Boswilg
1119,Salix cinerea,Grauwe en Rossige wilg
1120,Salix dasyclados,Duitse dot
1121,Salix fragilis,Kraakwilg
1122,Salix pentandra,Laurierwilg
1123,Salix purpurea,Bittere wilg
1124,Salix repens,Kruipwilg
1125,Salix triandra,Amandelwilg
1126,Salix viminalis,Katwilg
1127,Salsola kali s. kali,Stekend loogkruid
1128,Salvia pratensis,Veldsalie
1130,Salvia verticillata,Kranssalie
1132,Sambucus ebulus,Kruidvlier
1133,Sambucus nigra,Gewone vlier
1134,Sambucus racemosa,Trosvlier
1135,Samolus valerandi,Waterpunge
1136,Sanguisorba minor,Kleine pimpernel
1137,Sanguisorba officinalis,Grote pimpernel
1138,Sanicula europaea,Heelkruid
1139,Saponaria officinalis,Zeepkruid
1140,Cytisus scoparius,Brem
1141,Clinopodium acinos,Kleine steentijm
1143,Clinopodium vulgare,Borstelkrans
1144,Saxifraga granulata,Knolsteenbreek
1146,Saxifraga tridactylites,Kandelaartje
1147,Scabiosa columbaria,Duifkruid
1148,Scandix pecten-veneris,Naaldenkervel
1149,Scheuchzeria palustris,Veenbloembies
1150,Schoenus nigricans,Knopbies
1151,Scilla non-scripta,Wilde hyacint
1152,Schoenoplectus pungens,Stekende bies
1153,Trichophorum cespitosum s. germanicum,Gewone veenbies
1154,Eleogiton fluitans,Vlottende bies
1155,Schoenoplectus lacustris,Mattenbies
1156,Bolboschoenus maritimus,Heen
1157,Blysmus compressus,Platte bies
1158,Blysmus rufus,Rode bies
1159,Isolepis setacea,Borstelbies
1160,Scirpus sylvaticus,Bosbies
1161,Schoenoplectus tabernaemontani,Ruwe bies
1162,Schoenoplectus triqueter,Driekantige bies
1163,Scleranthus annuus,Eenjarige hardbloem
1164,Scleranthus perennis,Overblijvende hardbloem
1165,Scleranthus polycarpos,Kleine hardbloem
1166,Scorzonera humilis,Kleine schorseneer
1167,Scrophularia auriculata,Geoord helmkruid
1169,Scrophularia umbrosa s. neesii,Middelst helmkruid
1170,Scrophularia nodosa,Knopig helmkruid
1171,Scrophularia umbrosa s. umbrosa,Rivierhelmkruid
1172,Scrophularia vernalis,Voorjaarshelmkruid
1173,Scutellaria galericulata,Blauw glidkruid
1174,Scutellaria minor,Klein glidkruid
1175,Sedum acre,Muurpeper
1176,Sedum album,Wit vetkruid
1178,Sedum telephium s. maximum,Bleke hemelsleutel
1179,Sedum telephium s. telephium,Gewone hemelsleutel
1180,Sedum reflexum,Tripmadam
1181,Sedum sexangulare,Zacht vetkruid
1182,Selinum carvifolia,Karwijselie
1183,Senecio aquaticus,Waterkruiskruid
1184,Tephroseris palustris,Moerasandijvie
1185,Senecio erucifolius,Viltig kruiskruid
1186,Senecio fluviatilis,Rivierkruiskruid
1187,Senecio ovatus,Schaduwkruiskruid
1188,Senecio jacobaea s. jacobaea,Jakobskruiskruid s.s.
1189,Senecio paludosus,Moeraskruiskruid
1190,Senecio sylvaticus,Boskruiskruid
1191,Senecio viscosus,Kleverig kruiskruid
1192,Senecio vulgaris,Klein kruiskruid
1193,Serratula tinctoria,Zaagblad
1194,Sesleria albicans,Blauwgras
1195,Setaria pumila,Geelrode naaldaar
1196,Setaria verticillata,Kransnaaldaar
1197,Setaria viridis,Groene naaldaar
1198,Sherardia arvensis,Blauw walstro
1199,Danthonia decumbens,Tandjesgras
1200,Silaum silaus,Weidekervel
1202,Silene conica,Kegelsilene
1203,Silene gallica,Franse silene
1204,Silene nutans,Nachtsilene
1205,Silene otites,Oorsilene
1206,Silene vulgaris,Blaassilene
1207,Sinapis arvensis,Herik
1208,Sisymbrium altissimum,Hongaarse raket
1210,Sisymbrium loeselii,Spiesraket
1211,Sisymbrium officinale,Gewone raket
1212,Sisymbrium orientale,Oosterse raket
1213,Sisymbrium austriacum,Maasraket
1215,Berula erecta,Kleine watereppe
1216,Sium latifolium,Grote watereppe
1218,Solanum dulcamara,Bitterzoet
1219,Solanum nigrum s. nigrum,Zwarte nachtschade s.s.
1220,Solanum triflorum,Driebloemige nachtschade
1221,Solidago gigantea,Late guldenroede
1222,Solidago virgaurea,Echte guldenroede
1224,Sonchus asper,Gekroesde melkdistel
1225,Sonchus oleraceus,Gewone melkdistel
1226,Sonchus palustris,Moerasmelkdistel
1227,Sorbus aucuparia,Wilde lijsterbes
1228,Sparganium angustifolium,Drijvende egelskop
1229,Sparganium erectum,Grote en Blonde egelskop
1230,Sparganium natans,Kleinste egelskop
1231,Sparganium emersum,Kleine egelskop
1232,Spartina maritima,Klein slijkgras
1233,Spartina anglica,Engels slijkgras
1234,Spergula arvensis,Gewone spurrie
1235,Spergula morisonii,Heidespurrie
1236,Spergularia media s. angustata,Gerande schijnspurrie
1237,Spergularia rubra,Rode schijnspurrie
1238,Spergularia marina,Zilte schijnspurrie
1240,Spiranthes spiralis,Herfstschroeforchis
1241,Spirodela polyrhiza,Veelwortelig kroos
1242,Stachys annua,Zomerandoorn
1243,Stachys arvensis,Akkerandoorn
1244,Stachys officinalis,Betonie
1245,Stachys palustris,Moerasandoorn
1246,Stachys sylvatica,Bosandoorn
1247,Stellaria uliginosa,Moerasmuur
1248,Stellaria graminea,Grasmuur
1249,Stellaria holostea,Grote muur
1250,Stellaria media,Vogelmuur
1251,Stellaria neglecta,Heggenvogelmuur
1252,Stellaria pallida,Duinvogelmuur
1253,Stellaria nemorum,Bosmuur
1254,Stellaria palustris,Zeegroene muur
1255,Stratiotes aloides,Krabbenscheer
1256,Suaeda maritima,Schorrenkruid
1258,Succisa pratensis,Blauwe knoop
1259,Symphytum officinale,Gewone smeerwortel
1260,Tanacetum vulgare,Boerenwormkruid
1261,Taraxacum sectie Erythrosperma,Zandpaardenbloemen
1262,Taraxacum sectie Celtica,Schraallandpaardenbloemen
1263,Taraxacum obliquum,Oranjegele paardenbloem
1265,Taraxacum sectie Palustria,Moeraspaardenbloemen
1267,Taxus baccata,Taxus
1268,Teesdalia nudicaulis,Klein tasjeskruid
1269,Teucrium botrys,Trosgamander
1270,Teucrium chamaedrys s. germanicum,Echte gamander s.s.
1271,Teucrium montanum,Berggamander
1272,Teucrium scordium,Moerasgamander
1273,Teucrium scorodonia,Valse salie
1274,Thalictrum minus s. dunense,Thalictrum minus s. dunense
1275,Thalictrum flavum,Poelruit
1280,Thlaspi caerulescens,Zinkboerenkers
1281,Thlaspi arvense,Witte krodde
1282,Thlaspi perfoliatum,Doorgroeide boerenkers
1283,Thymus pulegioides,Grote tijm
1284,Thymus serpyllum,Wilde tijm
1285,Tilia cordata,Winterlinde
1286,Tilia platyphyllos,Zomerlinde
1289,Torilis japonica,Heggendoornzaad
1290,Torilis nodosa,Knopig doornzaad
1291,Tragopogon pratensis s. minor,Gele morgenster
1292,Tragopogon pratensis s. orientalis,Oosterse morgenster
1295,Trientalis europaea,Zevenster
1296,Trifolium arvense,Hazenpootje
1298,Trifolium campestre,Liggende klaver
1299,Trifolium dubium,Kleine klaver
1300,Trifolium fragiferum,Aardbeiklaver
1301,Trifolium hybridum,Basterdklaver
1302,Trifolium medium,Bochtige klaver
1303,Trifolium micranthum,Draadklaver
1304,Trifolium ornithopodioides,Vogelpootklaver
1305,Trifolium pratense,Rode klaver
1306,Trifolium repens,Witte klaver
1307,Trifolium scabrum,Ruwe klaver
1308,Trifolium striatum,Gestreepte klaver
1309,Trifolium subterraneum,Onderaardse klaver
1310,Triglochin maritima,Schorrenzoutgras
1311,Triglochin palustris,Moeraszoutgras
1312,Trisetum flavescens,Goudhaver
1313,Tuberaria guttata,Gevlekt zonneroosje
1314,Tulipa sylvestris,Bostulp
1315,Arabis glabra,Torenkruid
1316,Tussilago farfara,Klein hoefblad
1317,Typha angustifolia,Kleine lisdodde
1318,Typha latifolia,Grote lisdodde
1319,Ulex europaeus,Gaspeldoorn
1320,Ulmus minor,Gladde iep
1321,Urtica dioica,Grote brandnetel
1322,Urtica urens,Kleine brandnetel
1323,Utricularia intermedia,Plat blaasjeskruid
1324,Utricularia minor,Klein blaasjeskruid
1325,Utricularia australis,Loos blaasjeskruid
1326,Utricularia ochroleuca,Bleekgeel blaasjeskruid
1327,Utricularia vulgaris,Groot blaasjeskruid
1329,Vaccinium myrtillus,Blauwe bosbes
1330,Vaccinium uliginosum,Rijsbes
1331,Vaccinium vitis-idaea,Rode bosbes
1332,Valeriana dioica,Kleine valeriaan
1333,Valeriana officinalis,Echte valeriaan
1334,Valerianella carinata,Gegroefde veldsla
1335,Valerianella dentata,Getande veldsla
1336,Valerianella locusta,Gewone veldsla
1337,Valerianella rimosa,Geoorde veldsla
1339,Verbascum lychnitis,Melige toorts
1340,Verbascum nigrum,Zwarte toorts
1341,Verbascum phlomoides,Keizerskaars
1342,Verbascum densiflorum,Stalkaars
1343,Verbascum thapsus,Koningskaars
1344,Verbena officinalis,IJzerhard
1345,Veronica agrestis,Akkerereprijs
1346,Veronica anagallis-aquatica,Blauwe waterereprijs
1347,Veronica arvensis,Veldereprijs
1349,Veronica beccabunga,Beekpunge
1350,Veronica catenata,Rode waterereprijs
1351,Veronica chamaedrys,Gewone ereprijs
1352,Veronica hederifolia,Klimopereprijs
1353,Veronica longifolia,Lange ereprijs
1354,Veronica montana,Bosereprijs
1355,Veronica officinalis,Mannetjesereprijs
1356,Veronica opaca,Doffe ereprijs
1357,Veronica peregrina,Vreemde ereprijs
1358,Veronica persica,Grote ereprijs
1359,Veronica polita,Gladde ereprijs
1360,Veronica praecox,Vroege ereprijs
1361,Veronica prostrata,Liggende ereprijs
1362,Veronica scutellata,Schildereprijs
1363,Veronica serpyllifolia,Tijmereprijs
1364,Veronica austriaca s. teucrium,Brede ereprijs s.s.
1365,Veronica triphyllos,Handjesereprijs
1366,Veronica verna,Kleine ereprijs
1367,Viburnum opulus,Gelderse roos
1368,Vicia sativa s. nigra,Smalle wikke s.s.
1369,Vicia cracca,Vogelwikke
1370,Vicia hirsuta,Ringelwikke
1371,Vicia lathyroides,Lathyruswikke
1372,Vicia sativa s. sativa,Voederwikke
1373,Vicia sepium,Heggenwikke
1375,Vicia tetrasperma s. tetrasperma,Vierzadige wikke s.s.
1377,Vinca minor,Kleine maagdenpalm
1378,Viola arvensis,Akkerviooltje
1379,Viola lutea s. calaminaria,Zinkviooltje
1380,Viola canina,Hondsviooltje
1381,Viola curtisii,Duinviooltje
1382,Viola hirta,Ruig viooltje
1384,Viola odorata,Maarts viooltje
1385,Viola palustris,Moerasviooltje
1386,Viola reichenbachiana,Donkersporig bosviooltje
1387,Viola riviniana,Bleeksporig bosviooltje
1388,Viola rupestris,Zandviooltje
1389,Viola persicifolia,Melkviooltje
1390,Viola tricolor,Driekleurig viooltje
1392,Vulpia bromoides,Eekhoorngras
1393,Vulpia myuros,Gewoon langbaardgras
1395,Wolffia arrhiza,Wortelloos kroos
1396,Zannichellia palustris s. palustris,Zittende zannichellia
1397,Zannichellia palustris s. pedicellata,Gesteelde zannichellia
1398,Zostera marina,Groot zeegras
1399,Zostera noltii,Klein zeegras
1403,Galeopsis pubescens,Zachte hennepnetel
1407,Hieracium peleterianum,Vals muizenoor
1411,Phleum pratense s. serotinum,Klein timoteegras
1415,Polypodium interjectum,Brede eikvaren
1416,Rosa dumalis,Rosa dumalis
1420,Thymus praecox,Kruiptijm
1426,Lathyrus japonicus,Zeelathyrus
1431,Erica scoparia,Bezemdophei
1452,Alchemilla vulgaris s.s. (= A. acutiloba),Spitslobbige vrouwenmantel
1454,Alchemilla glabra,Kale vrouwenmantel
1458,Arabis hirsuta s. sagittata,Pijlscheefkelk
1459,Arenaria leptoclados,Tengere zandmuur
1460,Caltha palustris s. araneosa,Spindotterbloem
1465,Cerastium fontanum s. holosteoides,Glanzende hoornbloem
1472,Festuca cinerea,Hard zwenkgras
1473,Festuca ovina,Genaald schapengras
1474,Festuca filiformis,Fijn schapengras
1487,Lamiastrum galeobdolon s. galeobdolon,Kleine gele dovenetel
1490,Diphasiastrum complanatum,Vlakke wolfsklauw
1496,Odontites vernus s. vernus,Akkerogentroost
1500,Poa angustifolia,Smal beemdgras
1522,Sagina apetala s. apetala,Tengere vetmuur (subsp. apetala)
1523,Sagina apetala s. erecta,Tengere vetmuur (subsp. erecta)
1524,Salsola kali s. ruthenica,Zacht loogkruid
1530,Senecio jacobaea s. dunensis,Duinkruiskruid
1533,Sparganium erectum s. erectum,Grote egelskop s.s.
1535,Sparganium erectum s. neglectum,Blonde egelskop
1536,Stellaria nemorum s. montana,Bosmuur (subsp. montana)
1544,Agrostis canina,Moerasstruisgras
1545,Agrostis vinealis,Zandstruisgras
1555,Carex paniculata x remota,Pluimzegge x IJle zegge
1556,Carex acuta x nigra,Scherpe x Zwarte zegge
1558,Carex hostiana x oederi s. oederi,Blonde zegge x Dwergzegge
1559,Carex elata x nigra,Stijve x Zwarte zegge
1561,Carex nigra x trinervis,Zwarte x Drienervige zegge
1562,Cirsium dissectum x palustre,Spaanse ruiter x Kale jonker
1563,Drosera x obovata,Lange x Ronde zonnedauw
1564,Dryopteris carthusiana x cristata,Kamvaren x Smalle stekelvaren
1566,Elytrigia x obtusiuscula,Elytrigia x obtusiuscula
1567,Elytrigia x oliveri,Elytrigia x oliveri
1578,Potentilla anglica x erecta,Kruipganzerik x Tormentil
1584,Rhinanthus angustifolius x minor,Grote x Kleine ratelaar
1588,Rumex conglomeratus x crispus,Rumex conglomeratus x crispus
1593,Salix aurita x cinerea,Geoorde wilg x Grauwe wilg
1603,Viola canina x riviniana,Honds- x Bleeksporig bosviooltje
1606,Viola canina x persicaria,Hondsviooltje x Melkviooltje
1610,Bromus racemosus,Trosdravik
1614,Helianthus tuberosus,Aardpeer
1615,Nymphaea candida,Noordelijke waterlelie
1616,Dactylorhiza maculata,Gevlekte orchis
1620,Anemone apennina,Blauwe anemoon
1621,Scilla siehei,Grote sneeuwroem
1623,Crocus vernus,Bonte krokus
1624,Galanthus elwesii,Groot sneeuwklokje
1625,Leucojum vernum,Lenteklokje
1630,Oenanthe crocata,Dodemansvingers
1632,Potamogeton lucens x perfoliatus,Wilgfonteinkruid
1634,Rubus fruticosus ag.,Gewone braam
1635,Salicornia europaea,Kortarige zeekraal
1636,Salicornia procumbens,Langarige zeekraal
1637,Dactylorhiza majalis,Brede orchis en Rietorchis
1642,Epilobium tetragonum,Kantige basterdwederik s.l.
1643,Rosa canina,Hondsroos
1644,Rosa villosa,Viltroos
1645,Rosa rubiginosa,Egelantier
1650,Abutilon theophrasti,Fluweelblad
1651,Amaranthus albus,Witte amarant
1652,Amaranthus hybridus,Groene amarant
1658,Amsinckia menziesii,Amsinckia
1659,Anagallis arvensis s. foemina,Blauw guichelheil
1663,Artemisia biennis,Rechte alsem
1665,Brassica juncea,Sareptamosterd
1673,Caucalis platycarpos,Caucalis
1679,Claytonia sibirica,Roze winterpostelein
1681,Cuscuta campestris,Veldwarkruid
1685,Eragrostis minor,Klein liefdegras
1704,Lepidium virginicum,Amerikaanse kruidkers
1708,Lupinus angustifolius,Blauwe lupine
1712,Neslia paniculata,Vinkenzaad
1716,Panicum miliaceum,Pluimgierst
1717,Parentucellia viscosa,Kleverige ogentroost
1720,Erigeron annuus,Zomerfijnstraal
1726,Potentilla norvegica,Noorse ganzerik
1727,Potentilla recta,Rechte ganzerik
1728,Coincya monensis,Muurbloemmosterd
1729,Rumex triangulivalvis,Wilgzuring
1733,Senecio inaequidens,Bezemkruiskruid
1739,Solanum physalifolium,Glansbesnachtschade
1751,Vicia lutea,Gele wikke
1755,Xanthium orientale,Oeverstekelnoot
1759,Ceratochloa carinata,Platte dravik
1760,Cotula coronopifolia,Goudknopje
1762,Eragrostis pilosa,Straatliefdegras
1764,Rapistrum rugosum,Bolletjesraket
1766,Centaurea jacea,Knoopkruid
1772,Mentha x rotundifolia,Wollige munt
1800,Avena sativa,Haver
1801,Beta vulgaris s. vulgaris,Biet s.s.
1802,Brassica napus,Koolzaad
1803,Brassica oleracea,Kool
1804,Brassica rapa,Raapzaad
1807,Fagopyrum esculentum,Boekweit
1809,Glycine max,Sojaboon
1810,Hordeum distichon,Chevaliergerst
1811,Hordeum vulgare,Gerst
1814,Linum usitatissimum,Vlas
1817,Mentha spicata,Aarmunt
1818,Ornithopus sativus,Serradelle
1819,Papaver somniferum,Slaapbol
1820,Phacelia tanacetifolia,Phacelia
1821,Phalaris canariensis,Kanariezaad
1822,Phaseolus vulgaris,Boon
1824,Pisum sativum,Erwt
1826,Prunus cerasus,Zure kers
1827,Raphanus sativus,Radijs
1828,Ricinus communis,Wonderboom
1829,Rubus laciniatus,Gewone braam (R. laciniatus)
1830,Secale cereale,Rogge
1831,Setaria italica,Trosgierst
1832,Sinapis alba,Witte mosterd
1833,Solanum lycopersicum,Tomaat
1839,Triticum aestivum,Tarwe
1840,Vicia faba,Tuinboon
1841,Prunus cerasifera,Kerspruim
1850,Acer platanoides,Noorse esdoorn
1851,Aesculus hippocastanum,Witte paardenkastanje
1852,Amelanchier lamarckii,Amerikaans krentenboompje
1858,Eranthis hyemalis,Winterakoniet
1859,Helianthus annuus,Zonnebloem
1860,Hesperis matronalis,Damastbloem
1861,Iberis umbellata,Schermscheefbloem
1862,Impatiens glandulifera,Reuzenbalsemien
1865,Lobularia maritima,Zilverschildzaad
1866,Lunaria annua,Tuinjudaspenning
1871,Pentaglottis sempervirens,Overblijvende ossentong
1873,Fallopia japonica,Japanse duizendknoop
1876,Quercus rubra,Amerikaanse eik
1877,Robinia pseudoacacia,Robinia
1879,Rosa majalis,Kaneelroos
1882,Salix daphnoides,Berijpte wilg
1885,Scilla bifolia,Vroege sterhyacint
1887,Scilla siberica,Oosterse sterhyacint
1890,Solidago canadensis,Canadese guldenroede
1891,Spiraea douglasii,Douglasspirea
1895,Ulmus glabra,Ruwe iep
1896,Veronica filiformis,Draadereprijs
1899,Lupinus polyphyllus,Vaste lupine
1904,Asparagus officinalis,Asperge
1914,Eleocharis palustris ag. (incl. E. uniglumis),Waterbies
1917,Erodium cicutarium,Gewone en Duinreigersbek
1921,Festuca rubra ag. (incl. F. arenaria),Rood zwenkgras s.l.
1923,Helianthemum nummularium,Geel zonneroosje
1929,Juncus alpinoarticulatus,Duinrus en Alpenrus
1933,Luzula multiflora,Veelbloemige veldbies s.l.
1934,Malus sylvestris,Appel
1936,Montia fontana,Bronkruid
1949,Schoenoplectus lacustris ag. (incl. S. tabernaemontani),Mattenbies s.l.
1953,Thalictrum minus,Kleine ruit
1954,Tragopogon pratensis,Oosterse en Gele morgenster
1960,Vicia sativa,Smalle en Voederwikke
1964,Zannichellia palustris,Zannichellia
1965,Aronia x prunifolia,Zwarte appelbes
2009,Rubus corylifolius,Hazelaarbraam
2016,Rubus nessensis,Gewone braam (R. nessensis)
2019,Rubus silvaticus,Gewone braam (R. silvaticus)
2020,Rubus sprengelii,Gewone braam (R. sprengelii)
2021,Rubus ulmifolius,Gewone braam (R. ulmifolius)
2022,Rubus vestitus,Gewone braam (R. vestitus)
2028,Taraxacum nordstedtii,Paardebloem (nordstedtii)
2101,Mahonia aquifolium,Mahonia
2102,Parthenocissus inserta,Valse wingerd
2105,Rhododendron ponticum,Pontische rododendron
2106,Ribes alpinum,Alpenbes
2107,Symphoricarpos albus,Sneeuwbes
2109,Viburnum lantana,Wollige sneeuwbal
2110,Chara baltica,Kust kransblad
2119,Nitella translucens,Doorschijnend glanswier
2131,Zygmales species,Draadwier
2132,Enteromorpha species,Darmwier
2134,Hydrodictyon reticulatum,Hydrodictyon reticulatum
2135,Vaucheria species,Vaucheria species
2140,Chara aculeolata,Fijnstekelig kransblad
2141,Chara aspera,Ruw kransblad
2142,Chara canescens,Brakwater kransblad
2143,Chara connivens,Gebogen kransblad
2144,Chara contraria,Brokkelig kransblad
2145,Chara globularis,Breekbaar kransblad
2146,Chara major,Stekelharig kransblad
2147,Chara vulgaris,Gewoon kransblad
2153,Chara species,Kranswier
2154,Nitella capillaris,Kleinhoofdig glanswier
2155,Nitella flexilis,Buigzaam glanswier
2156,Nitella mucronata,Puntdragend glanswier
2157,Nitella syncarpa,Vruchtrijk glanswier
2158,Nitella species,Glanswier
2160,Nitellopsis obtusa,Sterkranswier
2161,Tolypella prolifera,Groot boomglanswier
2163,Tolypella glomerata,Klein boomglanswier
2164,Characeae species,Kranswieren familie
2195,Nitella hyalina,Klein glanswier
2196,Nitella opaca,Donker glanswier
2201,Abies alba,Gewone zilverspar
2203,Abies grandis,Reuzenzilverspar
2213,Carex oederi,Geelgroene zegge en Dwergzegge
2214,Calendula officinalis,Tuingoudsbloem
2228,Laburnum anagyroides,Goudenregen
2229,Larix decidua,Europese lork
2230,Larix kaempferi,Goudlork
2238,Picea abies,Fijnspar
2242,Picea sitchensis,Sitkaspar
2244,Pinus mugo,Bergden
2245,Pinus nigra,Zwarte den
2248,Pinus pinaster,Zeeden
2249,Pinus strobus,Weymouthden
2250,Platanus hispanica,Plataan
2254,Populus x canadensis,Canadapopulier
2257,Prunus domestica,Pruim en Kroosjes
2259,Pseudotsuga menziesii,Douglasspar
2262,Rosa glauca,Bergroos
2265,Salix aurita + S. cinerea,"Rossige, Geoorde en Grauwe wilg"
2268,Solanum tuberosum,Aardappel
2275,Thuja plicata,Reuzenlevensboom
2277,Tilia x vulgaris,Hollandse linde
2280,Tsuga heterophylla,Westelijke hemlockspar
2285,Hieracium amplexicaule,Stengelomvattend havikskruid
2286,Ligustrum ovalifolium,Haagliguster
2290,Senecio jacobaea,Jakobskruiskruid s.l.
2293,Fragaria x ananassa,Tuinaardbei
2296,Anemone blanda,Oosterse anemoon
2301,Cerastium tomentosum,Viltige hoornbloem
2302,Populus gileadensis,Ontariopopulier
2303,Juglans regia,Okkernoot
2308,Anagallis arvensis,Guichelheil
2311,Cornus sericea,Canadese kornoelje
2313,Zea mays,Mais
2316,Euphrasia stricta,Stijve ogentroost
2319,Odontites vernus,"Rode, Vroege en Akkerogentroost"
2320,Plantago major,Grote en Getande weegbree
2323,Solanum nigrum,Zwarte en Beklierde nachtschade
2324,Sonchus arvensis,Akkermelkdistel s.l.
2333,Arabis hirsuta,Ruige en Pijlscheefkelk
2335,Beta vulgaris,Biet en Strandbiet
2337,Bromus hordeaceus,Zachte dravik s.l.
2343,Juncus bulbosus,Knolrus
2348,Narcissus pseudonarcissus,Wilde en Trompetnarcis
2356,Salsola kali,Loogkruid
2358,Sedum telephium,Hemelsleutel
2366,Graan cultuurgewas,Graan cultuurgewas
2369,Allium cepa,Ui
2373,Typha angustifolia x latifolia,Kleine x Grote lisdodde
2376,Galium palustre,Moeraswalstro
2383,Glyceria notata ag. (incl. G. declinata),Stomp en Getand vlotgras
2384,Lactuca virosa,Gifsla
2385,Phleum pratense,Timoteegras en Klein timoteegras
2387,Vicia villosa,Bonte wikke s.l.
2388,Euphorbia esula,Heksenmelk s.l.
2390,Syringa vulgaris,Gewone sering
2391,Arrhenatherum elatius s. elatius,Gewone glanshaver
2400,Puccinellia distans,Stomp en Bleek kweldergras
2402,Ranunculus ficaria,Speenkruid
2406,Scrophularia umbrosa,Gevleugeld helmkruid
2418,Tragopogon pratensis s. pratensis,Gele morgenster
2420,Equisetum hyemale,Schaafstro
2426,Lemna minuta,Dwergkroos
2427,Montia fontana s. fontana,Groot bronkruid
2428,Salicornia pusilla,Eenbloemige zeekraal
2429,Taraxacum sectie Hamata,Haakpaardebloemen
2430,Taraxacum sectie Ruderalia,Gewone paardebloemen
2432,Bromopsis ramosa,Ruwe en Bosdravik
2433,Cochlearia officinalis,Echt en Engels lepelblad
2481,Crataegus laevigata x monogyna,Tweestijlige x Eenstijlige meidoorn
2490,Hydrocotyle ranunculoides,Grote waternavel
2497,Myriophyllum aquaticum,Parelvederkruid
2507,Amblyodon species,Stomptandmos (G)
2509,Amblystegium species,Pluisdraadmos (G)
2512,Leptodictyum riparium,Beekmos
2515,Amblystegium serpens,Gewoon pluisdraadmos
2518,Amblystegium tenax,Waterpluisdraadmos
2519,Amblystegium varium,Oeverpluisdraadmos
2523,Dicranella (Anisothecium),Greppelmos (G)
2525,Dicranella schreberiana,Hakig greppelmos
2526,Dicranella staphylina,Knolletjesgreppelmos
2527,Dicranella crispa,Gekroesd greppelmos
2528,Dicranella varia,Kleigreppelmos
2536,Archidium alternifolium,Oermos
2537,Atrichum species,Rimpelmos (G)
2538,Atrichum tenellum,Klein rimpelmos
2539,Atrichum undulatum,Groot rimpelmos
2542,Aulacomnium species,Knopjesmos (G)
2543,Aulacomnium androgynum,Gewoon knopjesmos
2544,Aulacomnium palustre,Roodviltmos
2545,Barbula species,Smaragdsteeltje p.p. (G)
2546,Didymodon acutus,Spits dubbeltandmos
2547,Barbula convoluta,Gewoon smaragdsteeltje
2551,Didymodon fallax,Kleidubbeltandmos
2552,Pseudocrossidium hornschuchianum,Spits smaragdsteeltje
2554,Pseudocrossidium revolutum,Opgerold smaragdsteeltje
2555,Barbula unguiculata,Kleismaragdsteeltje
2556,Didymodon vinealis,Muurdubbeltandmos
2559,Bartramia pomiformis,Gewoon appelmos
2560,Brachythecium species,Dikkopmos (G)
2561,Brachythecium albicans,Bleek dikkopmos
2562,Brachythecium glareosum,Kalkdikkopmos
2564,Brachythecium populeum,Penseeldikkopmos
2566,Brachythecium rivulare,Beekdikkopmos
2567,Brachythecium rutabulum,Gewoon dikkopmos
2569,Brachythecium mildeanum,Moerasdikkopmos
2570,Brachythecium salebrosum,Glad dikkopmos
2571,Brachythecium velutinum,Fluweelmos
2572,Bryoerythrophyllum species,Roestvoetje (G)
2573,Bryoerythrophyllum recurvirostre,Oranjesteeltje
2574,Bryum species,Knikmos (G)
2576,Bryum algovicum,Netknikmos
2577,Bryum argenteum,Zilvermos
2578,Bryum barnesii,Geelkorrelknikmos
2580,Bryum bicolor,Grofkorrelknikmos
2582,Bryum caespiticium,Zodeknikmos
2586,Bryum capillare,Gedraaid knikmos
2591,Bryum gemmiferum,Fijnkorrelknikmos
2593,Bryum imbricatum,Ongewimperd knikmos
2594,Bryum intermedium,Middelst knikmos
2595,Bryum klinggraeffii,Scharlakenknolknikmos
2596,Bryum knowltonii,Roodmondknikmos
2598,Bryum marratii,Zilt knikmos
2600,Bryum neodamense,Zoddeknikmos
2601,Bryum pallens,Rood knikmos
2602,Bryum pallescens,Zwanenhalsknikmos
2603,Bryum pseudotriquetrum,Veenknikmos
2606,Bryum radiculosum,Muurknikmos
2607,Bryum rubens s.l. Mitt.,Roodknolknikmos
2608,Bryum ruderale,Purperknolknikmos
2609,Bryum tenuisetum,Oranjeknolknikmos
2610,Bryum turbinatum,Urnknikmos
2612,Bryum violaceum,Violetknolknikmos
2613,Bryum warneum,Kwelderknikmos
2618,Calliergon species,Nerfpuntmos (G)
2619,Calliergon cordifolium,Hartbladig puntmos
2620,Calliergonella cuspidata,Gewoon puntmos
2621,Calliergon giganteum,Reuzenpuntmos
2623,Calliergon stramineum,Sliertmos
2624,Campylium species,Goudmos p.p. (G)
2626,Campyliadelphus chrysophyllus,Kalkgoudmos
2627,Campyliadelphus elodes,Tenger goudmos
2628,Drepanocladus polygamus,Goudsikkelmos
2629,Campylium stellatum,Sterrengoudmos
2632,Campylopus species,Kronkelsteeltje (G)
2633,Campylopus brevipilus,Kortharig kronkelsteeltje
2634,Campylopus flexuosus,Boskronkelsteeltje
2635,Campylopus fragilis,Bossig kronkelsteeltje
2636,Campylopus introflexus,Grijs kronkelsteeltje
2637,Campylopus pyriformis,Breekblaadje
2641,Ceratodon species,Purpersteeltje (G)
2642,Ceratodon purpureus,Gewoon purpersteeltje
2649,Cirriphyllum species,Spitsmos (G)
2651,Cirriphyllum piliferum,Haarspitsmos
2652,Climacium species,Boompjesmos (G)
2653,Climacium dendroides,Boompjesmos
2655,Palustriella commutata,Geveerd diknerfmos
2656,Cratoneuron filicinum,Gewoon diknerfmos
2660,Ctenidium molluscum,Kammos
2665,Dicranella species,Pluisjesmos (G)
2666,Dicranella cerviculata,Kroppluisjesmos
2667,Dicranella heteromalla,Gewoon pluisjesmos
2668,Dicranoweisia species,Sikkelsterretje (G)
2669,Dicranoweisia cirrata,Gewoon sikkelsterretje
2671,Dicranum species,Gaffeltandmos (G)
2672,Dicranum bergeri,Veengaffeltandmos
2673,Dicranum bonjeanii,Moerasgaffeltandmos
2674,Dicranum flagellare,Stobbegaffeltandmos
2675,Dicranum fuscescens,Eikengaffeltandmos
2676,Dicranum majus,Groot gaffeltandmos
2677,Dicranum montanum,Bossig gaffeltandmos
2678,Dicranum polysetum,Gerimpeld gaffeltandmos
2679,Dicranum scoparium,Gewoon gaffeltandmos
2683,Dicranum spurium,Gekroesd gaffeltandmos
2684,Dicranum tauricum,Bros gaffeltandmos
2685,Didymodon species,Dubbeltandmos (G)
2687,Didymodon tophaceus,Stomp dubbeltandmos
2694,Ditrichum cylindricum,Hakig smaltandmos
2695,Ditrichum flexicaule,Kalksmaltandmos
2700,Drepanocladus species,Sikkelmos p.p. (G)
2701,Drepanocladus aduncus,Moerassikkelmos
2704,Warnstorfia exannulata,Geveerd sikkelmos
2705,Warnstorfia fluitans,Vensikkelmos
2706,Pseudocalliergon lycopodioides,Wolfsklauwmos
2707,Scorpidium revolvens ag. (incl. S. cossonii),Klein schorpioenmos
2709,Drepanocladus sendtneri,Gekruld sikkelmos
2710,Hamatocaulis vernicosus,Geel schorpioenmos
2711,Encalypta species,Klokhoedje (G)
2712,Encalypta streptocarpa,Groot klokhoedje
2713,Encalypta vulgaris,Klein klokhoedje
2715,Entodon concinnus,Cilindermos
2719,Ephemerum species,Eendagsmos (G)
2721,Ephemerum serratum v. minutissimum,Ephemerum serratum v. minutissimum
2726,Eurhynchium species,Snavelmos p.p. (G)
2728,Eurhynchium hians,Kleisnavelmos
2729,Eurhynchium praelongum,Fijn laddermos
2730,Eurhynchium pumilum,Klein snavelmos
2731,Eurhynchium schleicheri,Kalksnavelmos
2732,Eurhynchium speciosum,Moerassnavelmos
2733,Eurhynchium striatum,Geplooid snavelmos
2734,Fissidens species,Vedermos (G)
2735,Fissidens adianthoides,Groot vedermos
2737,Fissidens bryoides,Gezoomd vedermos
2742,Fissidens exilis,Dwergvedermos
2743,Fissidens incurvus,Gekromd vedermos
2746,Fissidens taxifolius,Kleivedermos
2747,Fissidens viridulus,Klein gezoomd vedermos
2748,Fissidens gracilifolius,Steenvedermos
2749,Fontinalis species,Bronmos (G)
2750,Fontinalis antipyretica,Gewoon bronmos
2752,Funaria species,Krulmos (G)
2753,Funaria hygrometrica,Gewoon krulmos
2754,Grimmia species,Muisjesmos (G)
2759,Grimmia pulvinata,Gewoon muisjesmos
2771,Herzogiella seligeri,Geklauwd pronkmos
2773,Homalia trichomanoides,Spatelmos
2774,Homalothecium species,Zijdemos (G)
2775,Homalothecium lutescens,Smaragdmos
2776,Homalothecium sericeum,Gewoon zijdemos
2780,Hygrohypnum luridum,Gewoon spatwatermos
2781,Hylocomium species,Etagemos (G)
2783,Hylocomium splendens,Glanzend etagemos
2785,Weissia brachycarpa,Gewoon vliesjesmos
2786,Hypnum species,Klauwtjesmos (G)
2788,Hypnum cupressiforme s.l. species,Gewoon klauwtjesmos (G)
2791,Hypnum imponens,Goudklauwtjesmos
2792,Hypnum jutlandicum,Heideklauwtjesmos
2797,Pseudotaxiphyllum elegans,Gewoon pronkmos
2799,Isothecium myosuroides,Knikkend palmpjesmos
2800,Isothecium alopecuroides,Recht palmpjesmos
2801,Leptobryum species,Slankmos (G)
2802,Leptobryum pyriforme,Slankmos
2808,Leskea polycarpa,Uiterwaardmos
2809,Leucobryum species,Kussentjesmos (G)
2810,Leucobryum glaucum,Kussentjesmos
2817,Pohlia melanodon,Kleipeermos
2818,Pohlia wahlenbergii,Bleek peermos
2819,Mnium species,Sterrenmos (G)
2820,Mnium hornum,Gewoon sterrenmos
2821,Mnium marginatum,Rood sterrenmos
2827,Neckera species,Kringmos (G)
2834,Oligotrichum hercynicum,Noors mos
2836,Orthodontium lineare,Geelsteeltje
2838,Orthotrichum affine,Gewone haarmuts
2843,Orthotrichum diaphanum,Grijze haarmuts
2859,Phascum species,Knopmos (G)
2861,Tortula acaulon,Gewoon knopmos
2863,Philonotis species,Staartjesmos (G)
2866,Philonotis fontana,Beekstaartjesmos
2869,Physcomitrella patens,Slibmos
2872,Physcomitrium pyriforme,Gewoon knikkertjesmos
2874,Plagiomnium species,Boogsterrenmos (G)
2876,Plagiomnium cuspidatum,Spits boogsterrenmos
2877,Plagiomnium elatum,Geel boogsterrenmos
2878,Plagiomnium rostratum,Gesnaveld boogsterrenmos
2879,Plagiomnium undulatum,Gerimpeld boogsterrenmos
2880,Plagiothecium species,Platmos (G)
2881,Plagiothecium cavifolium,Loessplatmos
2883,Plagiothecium denticulatum,Glanzend platmos
2887,Plagiothecium latebricola,Dwergplatmos
2888,Plagiothecium nemorale,Groot platmos
2892,Plagiothecium undulatum,Gerimpeld platmos
2900,Rhynchostegium riparioides,Watervalmos
2901,Pleuridium species,Kortsteeltje p.p. (G)
2903,Pleuridium subulatum,Groot kortsteeltje
2905,Pleurochaete squarrosa,Hakig kronkelbladmos
2906,Pleurozium species,Bronsmos (G)
2907,Pleurozium schreberi,Bronsmos
2912,Pohlia species,Peermos (G)
2913,Pohlia bulbifera,Bolletjespeermos
2917,Pohlia lescuriana,Roodknolpeermos
2918,Pohlia lutescens,Geelknolpeermos
2920,Pohlia nutans,Gewoon peermos
2921,Polytrichum species,Haarmos (G)
2923,Polytrichum commune,Gewoon haarmos
2924,Polytrichum formosum,Fraai haarmos
2926,Polytrichum longisetum,Gerand haarmos
2927,Polytrichum piliferum,Ruig haarmos
2928,Pottia species,Kleimos (G)
2929,Tortula protobryoides,Gesloten kleimos
2932,Hennediella heimii,Ziltmos
2937,Pseudephemerum species,Kortsteeltje p.p. (G)
2938,Pseudephemerum nitidum,Vals kortsteeltje
2940,Pseudobryum cinclidioides,Zwartsteelsterrenmos
2941,Pseudoscleropodium species,Laddermos p.p. (G)
2942,Pseudoscleropodium purum,Groot laddermos
2947,Ptilium crista-castrensis,Struisveermos
2952,Racomitrium species,Bisschopsmuts (G)
2954,Racomitrium canescens,Grijze bisschopsmuts
2959,Racomitrium lanuginosum,Wollige bisschopsmuts
2960,Rhizomnium species,Viltsterrenmos (G)
2961,Rhizomnium pseudopunctatum,Kwelviltsterrenmos
2962,Rhizomnium punctatum,Gewoon viltsterrenmos
2964,Rhodobryum roseum,Rozetmos
2965,Rhynchostegiella species,Snavelmos p.p. (G)
2966,Conardia compacta,Vlechtmos
2967,Rhynchostegiella curviseta,Dwergsnavelmos
2968,Rhynchostegiella tenella,Slank snavelmos
2970,Rhynchostegium confertum,Boomsnavelmos
2971,Rhynchostegium megapolitanum,Duinsnavelmos
2972,Rhynchostegium murale,Muursnavelmos
2973,Rhynchostegium rotundifolium,Rondbladig snavelmos
2974,Rhytidiadelphus species,Haakmos (G)
2975,Rhytidiadelphus loreus,Riempjesmos
2976,Rhytidiadelphus squarrosus,Gewoon haakmos
2977,Rhytidiadelphus triquetrus,Pluimstaartmos
2979,Rhytidium rugosum,Buizerdmos
2983,Schistidium apocarpum,Gewoon achterlichtmos
2990,Scorpidium species,Schorpioenmos p.p. (G)
2991,Scorpidium scorpioides,Rood schorpioenmos
2995,Sphagnum species,Veenmos (G)
2996,Sphagnum denticulatum,Geoord veenmos
2999,Sphagnum balticum,Baltisch veenmos
3001,Sphagnum compactum,Kussentjesveenmos
3002,Sphagnum contortum,Trilveenveenmos
3004,Sphagnum cuspidatum,Waterveenmos
3006,Sphagnum fimbriatum,Gewimperd veenmos
3008,Sphagnum fuscum,Bruin veenmos
3009,Sphagnum girgensohnii,Gerafeld veenmos
3010,Sphagnum affine,Kamveenmos
3011,Sphagnum magellanicum,Hoogveenveenmos
3012,Sphagnum majus,Dof veenmos
3013,Sphagnum molle,Week veenmos
3015,Sphagnum palustre,Gewoon veenmos
3016,Sphagnum papillosum,Wrattig veenmos
3017,Sphagnum platyphyllum,Lepelbladveenmos
3018,Sphagnum pulchrum,Vijfrijig veenmos
3021,Sphagnum riparium,Uitgebeten veenmos
3023,Sphagnum squarrosum,Haakveenmos
3024,Sphagnum subnitens,Glanzend veenmos
3026,Sphagnum subsecundum,Moerasveenmos
3027,Sphagnum tenellum,Zacht veenmos
3028,Sphagnum teres,Sparrig veenmos
3033,Taxiphyllum wissgrillii,Komkommermos
3035,Tetraphis pellucida,Viertandmos
3039,Thamnobryum alopecurum,Struikmos
3040,Thuidium species,Thujamos (G)
3041,Thuidium abietinum,Sparrenmos
3044,Thuidium philibertii,Zweepthujamos
3046,Thuidium tamariscinum,Gewoon thujamos
3049,Tortella species,Kronkelbladmos p.p. (G)
3050,Tortella flavovirens,Duinkronkelbladmos
3054,Tortella inclinata,Viltig kronkelbladmos
3056,Tortula species,Sterretje p.p.  (G)
3059,Syntrichia laevipila,Boomsterretje
3062,Syntrichia latifolia,Riviersterretje
3064,Tortula muralis,Gewoon muursterretje
3066,Syntrichia ruralis v. arenicola,Groot duinsterretje
3068,Tortula subulata,Langkapselsterretje
3071,Trematodon ambiguus,Langhalsmos
3073,Trichostomum crispulum,Gekapt haartandmos
3075,Ulota bruchii,Knotskroesmos
3079,Weissia species,Parelmos  (G)
3080,Weissia controversa,Gewoon parelmos
3082,Weissia longifolia,Kogeltjesmos
3088,Zygodon viridissimus v. rupestris,Parkiepenmos
3103,Calliergonella species,Puntmos (G)
3112,Sanionia uncinata,Geplooid sikkelmos
3142,Plagiomnium affine,Rond boogsterrenmos
3143,Plagiomnium ellipticum,Stomp boogsterrenmos
3144,Plagiopus species,Driekantmos (G)
3151,Polytrichum juniperinum,Zandhaarmos
3152,Microbryum davallianum,Gewoon wintermos
3153,Tortula truncata (incl. T. modica),Gewoon kleimos
3169,Sphagnum flexuosum,Slank veenmos
3172,Sphagnum capillifolium,Stijf veenmos
3174,Sphagnum rubellum,Rood veenmos
3180,Syntrichia ruralis v. ruralis,Daksterretje
3184,Fissidens dubius,Kalkvedermos
3186,Thuidium delicatulum,Fraai thujamos
3191,Syntrichia calcicola,Klein duinsterretje
3214,Brachythecium oedipodium,IJl dikkopmos
3217,Dicranodontium species,Priembladmos (G)
3221,Herzogiella striatella,Klein pronkmos
3226,Philonotis seriata,Kantig staartjesmos
3227,Plagiomnium medium,Bergboogsterrenmos
3228,Pohlia andalusica,Glanzend broedpeermos
3229,Pohlia annotina,Gewoon broedpeermos
3239,Sphagnum fallax + S. flexuosum,Slank veenmos
3249,Bryum provinciale,Getand knikmos
3257,Plagiothecium laetum s.l. Schimp. (incl. P. curvifolium,Krom platmos
3300,Aneura species,Vetmos (G)
3301,Aneura pinguis,Echt vetmos
3302,Anthoceros species,Hauwmos p.p. (G)
3303,Anthoceros agrestis,Gewoon hauwmos
3306,Barbilophozia species,Tandmos (G)
3307,Barbilophozia attenuata,Steil tandmos
3308,Barbilophozia barbata,Glanzend tandmos
3310,Barbilophozia hatcheri,Gestekeld tandmos
3311,Barbilophozia kunzeana,Kaal tandmos
3314,Bazzania trilobata,Groot zweepmos
3316,Blasia pusilla,Flesjesmos
3319,Calypogeia species,Buidelmos (G)
3320,Calypogeia arguta,Scheef buidelmos
3321,Calypogeia fissa,Moerasbuidelmos
3322,Calypogeia muelleriana,Gaaf buidelmos
3323,Calypogeia integristipula,Langbladig buidelmos
3324,Calypogeia sphagnicola,Veenbuidelmos
3325,Calypogeia azurea,Blauw buidelmos
3326,Cephalozia species,Maanmos (G)
3327,Cephalozia bicuspidata,Gewoon maanmos
3330,Cephalozia connivens,Glanzend maanmos
3331,Cephalozia lunulifolia,Echt maanmos
3332,Cephalozia macrostachya,Aarmaanmos
3334,Cephaloziella species,Draadmos (G)
3335,Cephaloziella divaricata,Gewoon draadmos
3336,Cephaloziella elachista,Fijn draadmos
3337,Cephaloziella hampeana,Grof draadmos
3338,Cephaloziella rubella,Rood draadmos
3339,Chiloscyphus species,Lippenmos (G)
3343,Cladopodiella species,Stompmos (G)
3344,Cladopodiella fluitans,IJl stompmos
3347,Conocephalum conicum,Kegelmos
3349,Diplophyllum albicans,Nerflevermos
3352,Fossombronia species,Goudkorrelmos (G)
3354,Fossombronia foveolata,Grof goudkorrelmos
3355,Fossombronia incurva,Kropgoudkorrelmos
3356,Fossombronia pusilla,Klein goudkorrelmos
3357,Fossombronia wondraczekii,Gestekeld goudkorrelmos
3359,Frullania dilatata,Helmroestmos
3360,Frullania tamarisci,Flesjesroestmos
3364,Gymnocolea inflata,Broedkelkje
3366,Haplomitrium hookeri,Mijtermos
3368,Lophozia bicrenata,Cederhoutmos
3369,Jungermannia species,Oortjesmos (G)
3371,Jungermannia gracillima,Lichtrandmos
3374,Kurzia pauciflora,Gewoon spinragmos
3378,Leiocolea bantriensis,Klein gladkelkje
3382,Lepidozia reptans,Neptunusmos
3383,Lophocolea species,Kantmos (G)
3384,Lophocolea bidentata,Gewoon kantmos
3387,Lophocolea heterophylla,Gedrongen kantmos
3388,Lophocolea minor,Klein kantmos
3389,Lophozia species,Trapmos (G)
3391,Lophozia excisa,Duintrapmos
3396,Lophozia ventricosa,Gewoon trapmos
3401,Lunularia cruciata,Halvemaantjesmos
3402,Marchantia species,Parapluutjesmos (G)
3403,Marchantia polymorpha,Parapluutjesmos
3406,Marsupella funckii,Tenger vetkelkje
3415,Moerckia hibernica,Kraalmos
3417,Mylia anomala,Hoogveenlevermos
3418,Nardia species,Vleugelmos (G)
3419,Nardia geoscyphus,Klein vleugelmos
3420,Nardia scalaris,Echt vleugelmos
3424,Odontoschisma denudatum,Zanddubbeltjesmos
3425,Odontoschisma sphagni,Veendubbeltjesmos
3428,Pallavicinia lyellii,Elzenmos
3429,Pellia species,Plakkaatmos (G)
3430,Pellia endiviifolia,Gekroesd plakkaatmos
3431,Pellia epiphylla,Gewoon plakkaatmos
3432,Pellia neesiana,Moerasplakkaatmos
3436,Phaeoceros carolinianus,Geel hauwmos
3438,Plagiochila asplenioides,Groot varentjesmos
3446,Preissia quadrata,Vierkantsmos
3448,Ptilidium ciliare,Heidefranjemos
3449,Ptilidium pulcherrimum,Boomfranjemos
3454,Riccardia species,Moerasvorkje (G)
3455,Riccardia chamedryfolia,Gewoon moerasvorkje
3456,Riccardia incurvata,Hol moerasvorkje
3457,Riccardia latifrons,Breed moerasvorkje
3458,Riccardia multifida,Gevind moerasvorkje
3460,Riccia species,Landvorkje (G)
3462,Riccia bifurca,Gevoord landvorkje
3463,Riccia canaliculata,Smal watervorkje
3464,Riccia cavernosa,Sponswatervorkje
3468,Riccia fluitans,Gewoon watervorkje
3471,Riccia glauca,Gewoon landvorkje
3474,Riccia sorocarpa,Klein landvorkje
3478,Ricciocarpos natans,Kroosmos
3479,Scapania species,Schoffelmos (G)
3480,Scapania compacta,Gedrongen schoffelmos
3482,Scapania irrigua,Zandschoffelmos
3483,Scapania nemorea,Bosschoffelmos
3496,Trichocolea tomentella,Wolmos
3510,Riccia crozalsii,Blauw landvorkje
3525,Chiloscyphus polyanthos,Lippenmos
4000,Acarospora species,Steenschubje (G)
4052,Bacidia laurocerasi,Bacidia laurocerasi
4061,Bacidia bagliettoana,Duinknoopjeskorst
4070,Baeomyces rufus,Rode heikorst
4072,Bryoria species,Paardehaarmos (G)
4074,Bryoria capillaris,Bryoria capillaris
4075,Bryoria fuscescens,Bruin paardehaarmos
4116,Candelariella aurella,Kleine geelkorst
4131,Cetraria species,Cetraria species
4133,Cetraria islandica,IJslands mos
4146,Cladonia species,Heidestaartje & Bekermos (G)
4147,Cladonia ramulosa,Rafelig bekermos
4148,Cladina arbuscula,Gebogen rendiermos
4153,Cladonia cervicornis,Gewoon stapelbekertje
4155,Cladonia chlorophaea,Fijn bekermos
4156,Cladina ciliata,Sierlijk rendiermos
4157,Cladonia coccifera,Rood bekermos
4158,Cladonia coniocraea,Smal bekermos
4159,Cladonia humilis,Patatzak-bekermos
4160,Cladonia cornuta,Gevlekt heidestaartje
4161,Cladonia crispata,Open heidestaartje
4166,Cladonia digitata,Vertakt bekermos
4167,Cladonia fimbriata,Kopjes-bekermos
4168,Cladonia floerkeana,Rode heidelucifer
4169,Cladonia foliacea,"Elandgeweimos, Zomersneeuw"
4170,Cladonia furcata,Gevorkt heidestaartje
4173,Cladonia glauca,Bruin heidestaartje
4174,Cladonia gracilis,Girafje
4175,Cladonia grayi,Bruin bekermos
4176,Cladonia incrassata,Turflucifer
4177,Cladonia macilenta,Dove heidelucifer
4180,Cladonia phyllophora,Cladonia phyllophora
4181,Cladonia pocillum,Duinbekermos
4183,Cladina portentosa,Open rendiermos
4184,Cladonia pyxidata,Wrattig bekermos
4185,Cladina rangiferina,Echt rendiermos
4186,Cladonia rangiformis,Vals rendiermos
4189,Cladonia scabriuscula,Ruw heidestaartje
4190,Cladonia squamosa,Doornig heidestaartje
4193,Cladonia strepsilis,Hamerblaadje
4195,Cladonia subulata,Kronkelheidestaartje
4197,Cladonia symphycarpa,Cladonia symphycarpa
4199,Cladonia uncialis,Varkenspootje
4200,Cladonia zopfii,Ezelspootje
4205,Cetraria aculeata,Gewoon kraakloof
4206,Collema species,Geleimos (G)
4207,Collema crispum,Gewoon geleimos
4210,Collema tenax,Dik geleimos
4215,Omphalina species,Veentrechtertje (G)
4228,Diploschistes muscorum,Duindaalder
4229,Diploschistes scruposus,Muurdaalder
4238,Enterographa species,Enterographa species
4242,Evernia prunastri,"Eikenmos, Gewoon geweimos"
4256,Gyalecta truncigena,Gyalecta truncigena
4277,Hypogymnia physodes,Gewoon schorsmos
4278,Hypogymnia tubulosa,Witkopschorsmos
4293,Lecanora species,Schotelkorst (G)
4295,Tephromela atra,Zwarte schotelkorst
4330,Lecidea species,Granietkorst (G)
4333,Trapeliopsis granulosa,Lichte veenkorst
4339,Placynthiella oligotropha,Heideveenkorst
4346,Placynthiella uliginosa,Slijmige veenkorst
4356,Lepraria species,Poederkorst (G)
4357,Lepraria incana,Gewone poederkorst
4362,Leptogium species,Zwelmos (G)
4364,Leptogium lichenoides,Fijn zwelmos
4367,Leptogium schraderi,Kalkzwelmos
4368,Leptogium gelatinosum,Duinzwelmos
4369,Leptogium tenuissimum,Leptogium tenuissimum
4379,Micarea denigrata,Vulkaanoogje
4380,Micarea leprosula,Mosoogje
4381,Micarea lignaria,Heideoogje
4386,Micarea prasina,Houtoogje
4420,Parmelia species,Schildmos (G)
4438,Parmelia perlata,Groot schildmos
4441,Parmelia saxatilis,Blauwgrijs steenschildmos
4444,Parmelia sulcata,Gewoon schildmos
4452,Peltigera species,Leermos (G)
4456,Peltigera neckeri,Zwart leermos
4458,Peltigera rufescens,Klein leermos
4506,Platismatia species,Platismatia species
4507,Platismatia glauca,Groot boerenkoolmos
4519,Pseudevernia furfuracea,Purper geweimos
4524,Psora decipiens,Psora decipiens
4526,Pycnothelia papillaria,Rijstkorrelmos
4532,Ramalina species,Takmos (G)
4534,Ramalina calicaris,Ramalina calicaris
4536,Ramalina farinacea,Melig takmos
4575,Squamarina cartilaginea,Squamarina cartilaginea
4582,Stereocaulon condensatum,Stuifzandkorrelloof
4586,Stereocaulon paschale,Stereocaulon paschale
4617,Trapelia coarctata,Gewoon sterschoteltje
4619,Trapelia obtegens,Bruin sterschoteltje
4623,Usnea species,Baardmos (G)
4624,Usnea articulata,Usnea articulata
4628,Usnea fulvoreagens,Pijpenragerbaardmos
4639,Verrucaria erichsenii,Verrucaria erichsenii
4660,Xanthoria parietina,Groot dooiermos
4662,Cladonia cariosa,Cladonia cariosa
4665,Cetraria muricata,Fijn kraakloof
4668,Abrothallus species,Abrothallus species
4674,Agonimia tristicula,Haarschubje
4718,Cladina species,Rendiermos (G)
4723,Cladonia callosa,Breekbaar heidestaartje
4780,Peltigera hymenina,Peltigera hymenina
4791,Placynthiella icmalea,Bruine veenkorst
4807,Pyrenidium actinellum,Pyrenidium actinellum
4827,Taeniolella species,Taeniolella species
4925,Catapyrenium rufescens,Catapyrenium rufescens
5000,Abies veitchii,Japanse zilverspar
5005,Aesculus carnea,Rode paardenkastanje
5008,Allium porrum,Prei
5009,Allium triquetrum,Driekantig look
5010,Allium zebdanense,Bochtig look
5012,Althaea hirsuta,Ruige heemst
5021,Pseudosasa japonica,Japanse bamboe
5028,Avena sterilis,Wilde haver
5029,Axyris amaranthoides,Hoornmelde
5032,Buddleja davidii,Vlinderstruik
5039,Scilla sardensis,Kleine sneeuwroem
5041,Cichorium endivia,Andijvie
5054,Deutzia scabra,Roze deutzia
5068,Eschscholzia californica,Slaapmutsje
5078,Iva xanthifolia,Iva
5085,Lilium martagon,Turkse lelie
5090,Melica nutans,Knikkend parelgras
5102,Panicum dichotomiflorum,Kale gierst
5105,Phaseolus coccineus,Pronkboon
5106,Philadelphus coronarius,Welriekende jasmijn
5109,Physalis alkekengi,Lampionplant
5115,Populus deltoides,Amerikaanse populier
5120,Prunus mahaleb,Weichselboom
5132,Rubus phoenicolasius,Japanse wijnbes
5133,Rubus spectabilis,Prachtframboos
5138,Salix caprea x viminalis.,Boswilg x Katwilg
5139,Sambucus canadensis,Amerikaanse vlier
5141,Scorzonera hispanica,Grote schorseneer
5143,Sempervivum tectorum,Donderblad
5146,Sorbus aria,Meelbes
5152,Thymus vulgaris,Echte tijm
5155,Vaccinium corymbosum,Trosbosbes
5159,Vulpia fasciculata,Dicht langbaardgras
5163,Hieracium praealtum,Grijs havikskruid
5172,Cotoneaster integerrimus,Wilde dwergmispel
5176,Daucus carota s. sativus,Gekweekte peen
5178,Juncus conglomeratus x effusus,Biezenknoppen x Pitrus
5187,Quercus x rosacea,Wintereik x Zomereik
5190,Tragopogon dubius,Bleke morgenster
5191,Ulmus x hollandica,Hollandse iep
5209,Dryopteris carthusiana x dilatata,Smalle x Brede stekelvaren
5212,Berberis thunbergii,Japanse berberis
5220,Pachysandra terminalis,Pachysandra
5221,Viola arvensis x tricolor,Akker- x Driekleurig viooltje
5228,Mimulus moschatus,Muskusplantje
5244,Triticosecale rimpaui,Rogge x Tarwe
5252,Dipsacus sativus,Weverskaarde
5284,Veronica anagallis-aquatica x catenata,Blauwe x Rode waterereprijs
5286,Rubus armeniacus,Gewone braam (R. armeniacus)
5287,Rubus arrhenii,Gewone braam (R. arrhenii)
5288,Rubus camptostachys,Hazelaarbraam (R. camptostachys)
5289,Rubus drenthicus,Hazelaarbraam (R. drenthicus)
5290,Rubus ferocior,Hazelaarbraam (R. ferocior)
5291,Rubus geniculatus,Gewone braam (R. geniculatus)
5292,Rubus gratus,Gewone braam (R. gratus)
5293,Rubus macrophyllus,Gewone braam (R. macrophyllus)
5295,Rubus pedemontanus,Gewone braam (R. pedemontanus)
5296,Rubus phoenicacanthus,Hazelaarbraam (R. phoeniacanthus)
5297,Rubus plicatus,Gewone braam (R. plicatus)
5299,Rubus pyramidalis,Gewone braam (R. pyramidalis)
5300,Rubus scissus,Gewone braam (R. scissus)
5303,Hieracium vulgatum ag. (incl. H. maculatum),Dicht havikskruid
5304,Orchis militaris x purpurea,Soldaatje x Purperorchis
6001,Acer species,Esdoorn (G)
6003,Achillea species,Duizendblad (G)
6011,Agrimonia species,Agrimonie (G)
6013,Agrostis species,Struisgras (G)
6016,Alchemilla species,Vrouwenmantel (G)
6017,Alisma species,Waterweegbree (G)
6018,Alliaria species,Look-zonder-look (G)
6019,Allium species,Look (G)
6021,Alopecurus species,Vossenstaart (G)
6023,Alyssum species,Schildzaad (G)
6024,Amaranthus species,Amarant (G)
6026,Amelanchier species,Krentenboompje (G)
6027,Calammophila (x-),Noordse helm (G)
6028,Ammophila species,Helm (G)
6033,Anemone species,Anemoon (G)
6034,Angelica species,Engelwortel (G)
6036,Anthemis species,Schubkamille (G)
6042,Apera species,Windhalm (G)
6043,Aphanes species,Leeuwenklauw (G)
6048,Arctium species,Klit (G)
6050,Arenaria species,Zandmuur (G)
6056,Aronia species,Appelbes (G)
6058,Artemisia species,Alsem (G)
6063,Aster species,Aster (G)
6065,Athyrium species,Wijfjesvaren (G)
6066,Atriplex species,Melde (G)
6068,Avena species,Haver (G)
6069,Azolla species,Kroosvaren (G)
6074,Berberis species,Berberis (G)
6076,Beta species,Biet (G)
6077,Betula species,Berk (G)
6078,Bidens species,Tandzaad (G)
6083,Brachypodium species,Kortsteel (G)
6084,Brassica species,Kool (G)
6086,Bromus species,Dravik (G)
6094,Calamagrostis species,Struisriet (G)
6097,Callitriche species,Sterrenkroos (G)
6101,Campanula species,Klokje (G)
6103,Cardamine species,Veldkers (G)
6105,Carduus species,Distel (G)
6106,Carex species,Zegge (G)
6113,Centaurea species,Centaurie (G)
6114,Centaurium species,Duizendguldenkruid (G)
6116,Cephalanthera species,Bosvogeltje (G)
6117,Cerastium species,Hoornbloem (G)
6118,Ceratophyllum species,Hoornblad (G)
6124,Chenopodium species,Ganzenvoet (G)
6129,Cichorium species,Cichorei (G)
6132,Cirsium species,Vederdistel (G)
6136,Cochlearia species,Lepelblad (G)
6141,Convolvulus species,Winde (G)
6143,Corispermum species,Vlieszaad (G)
6144,Cornus species,Kornoelje (G)
6146,Coronopus species,Varkenskers (G)
6153,Crataegus species,Meidoorn (G)
6154,Crepis species,Streepzaad (G)
6156,Crocus species,Krokus (G)
6158,Cuscuta species,Warkruid (G)
6160,Cynoglossum species,Hondstong (G)
6164,Dactylis species,Kropaar (G)
6172,Dianthus species,Anjer (G)
6173,Digitalis species,Vingerhoedskruid (G)
6174,Digitaria species,Vingergras (G)
6176,Diplotaxis species,Zandkool (G)
6180,Drosera species,Zonnedauw (G)
6181,Dryopteris species,Niervaren (G)
6187,Eleocharis species,Waterbies (G)
6188,Elodea species,Waterpest (G)
6192,Epilobium species,Basterdwederik (G)
6193,Epipactis species,Wespenorchis (G)
6194,Equisetum species,Paardenstaart (G)
6195,Eragrostis species,Liefdegras (G)
6198,Erigeron species,Fijnstraal (G)
6200,Erodium species,Reigersbek (G)
6205,Euonymus species,Kardinaalsmuts (G)
6206,Eupatorium species,Koninginnenkruid (G)
6207,Euphorbia species,Wolfsmelk (G)
6208,Euphrasia species,Ogentroost (G)
6211,Festuca species,Zwenkgras (G)
6212,Festulolium (x-),Zwenkgras x Raaigras (G)
6214,Filago species,Viltkruid (G)
6220,Fumaria species,Duivenkervel (G)
6223,Galeopsis species,Hennepnetel (G)
6224,Galinsoga species,Knopkruid (G)
6225,Galium species,Walstro (G)
6226,Genista species,Heidebrem (G)
6228,Gentianella species,Baardgentiaan (G)
6229,Geranium species,Ooievaarsbek (G)
6233,Glechoma species,Hondsdraf (G)
6234,Glyceria species,Vlotgras (G)
6244,Helianthus species,Zonnebloem (G)
6248,Heracleum species,Berenklauw (G)
6251,Hieracium species,Havikskruid (G)
6258,Holcus species,Witbol (G)
6260,Honckenya species,Zeepostelein (G)
6261,Hordeum species,Gerst (G)
6262,Hottonia species,Waterviolier (G)
6266,Hydrocotyle species,Waternavel (G)
6268,Hypericum species,Hertshooi (G)
6269,Hypochaeris species,Biggenkruid (G)
6275,Iris species,Lis (G)
6279,Juncus species,Rus (G)
6282,Koeleria species,Fakkelgras (G)
6284,Lamium species,Dovenetel (G)
6288,Lathyrus species,Lathyrus (G)
6290,Legousia species,Spiegelklokje (G)
6291,Lemna species,Eendenkroos (G)
6292,Leontodon species,Leeuwentand (G)
6294,Lepidium species,Kruidkers (G)
6297,Ligustrum species,Liguster (G)
6301,Linaria species,Vlasleeuwenbek (G)
6309,Lolium species,Raaigras (G)
6311,Lotus species,Rolklaver (G)
6313,Lupinus species,Lupine (G)
6315,Luzula species,Veldbies (G)
6322,Lysimachia species,Wederik (G)
6323,Lythrum species,Kattenstaart (G)
6327,Malus species,Appel (G)
6328,Malva species,Kaasjeskruid (G)
6330,Matricaria species,Kamille (G)
6331,Medicago species,Rupsklaver (G)
6335,Melilotus species,Honingklaver (G)
6336,Mentha species,Munt (G)
6344,Moehringia species,Drienerfmuur (G)
6352,Myosotis species,Vergeet-mij-nietje (G)
6356,Myriophyllum species,Vederkruid (G)
6359,Narcissus species,Narcis (G)
6367,Nymphaea species,Waterlelie (G)
6370,Oenanthe species,Torkruid (G)
6371,Oenothera species,Teunisbloem (G)
6374,Ononis species,Stalkruid (G)
6382,Orobanche species,Bremraap (G)
6385,Oxalis species,Klaverzuring (G)
6387,Papaver species,Klaproos (G)
6400,Peucedanum species,Varkenskervel (G)
6403,Phragmites species,Riet (G)
6409,Pimpinella species,Bevernel (G)
6410,Pinguicula species,Vetblad (G)
6411,Pinus species,Den (G)
6412,Plantago species,Weegbree (G)
6413,Platanthera species,Nachtorchis (G)
6414,Poa species,Beemdgras (G)
6415,Polygala species,Vleugeltjesbloem (G)
6417,Polygonum species,Varkensgras (G)
6419,Polystichum species,Naaldvaren (G)
6420,Populus species,Populier (G)
6422,Potamogeton species,Fonteinkruid (G)
6423,Potentilla species,Ganzerik (G)
6424,Primula species,Sleutelbloem (G)
6426,Prunus species,Prunus (G)
6428,Puccinellia species,Kweldergras (G)
6430,Pulicaria species,Vlooienkruid (G)
6431,Pulmonaria species,Longkruid (G)
6435,Quercus species,Eik (G)
6437,Ranunculus species,Boterbloem (G)
6440,Reseda species,Reseda (G)
6441,Rhamnus species,Vuilboom (G)
6442,Rhinanthus species,Ratelaar (G)
6443,Rhododendron species,Rododendron (G)
6445,Rhynchospora species,Snavelbies (G)
6446,Ribes species,Ribes (G)
6449,Rorippa species,Waterkers (G)
6450,Rosa species,Roos (G)
6451,Rubia species,Meekrap (G)
6452,Rubus species,Braam (G)
6454,Rumex species,Zuring (G)
6455,Ruppia species,Ruppia (G)
6456,Sagina species,Vetmuur (G)
6457,Sagittaria species,Pijlkruid (G)
6458,Salicornia species,Zeekraal (G)
6459,Salix species,Wilg (G)
6461,Salvia species,Salie (G)
6463,Sambucus species,Vlier (G)
6475,Scilla species,Sterhyacint (G)
6476,Scirpus species,Bosbies (G)
6477,Scleranthus species,Hardbloem (G)
6479,Scrophularia species,Helmkruid (G)
6480,Scutellaria species,Glidkruid (G)
6481,Sedum species,Vetkruid (G)
6483,Senecio species,Kruiskruid (G)
6487,Setaria species,Naaldaar (G)
6488,Sherardia species,Blauw walstro (G)
6491,Silene species,Silene (G)
6493,Sisymbrium species,Raket (G)
6494,Sium species,Grote watereppe (G)
6496,Solanum species,Nachtschade (G)
6497,Solidago species,Guldenroede (G)
6498,Sonchus species,Melkdistel (G)
6499,Sorbus species,Lijsterbes (G)
6500,Sparganium species,Egelskop (G)
6501,Spartina species,Slijkgras (G)
6502,Spergula species,Spurrie (G)
6503,Spergularia species,Schijnspurrie (G)
6504,Spiraea species,Struikspirea (G)
6507,Stachys species,Andoorn (G)
6508,Stellaria species,Muur (G)
6511,Suaeda species,Schorrenkruid (G)
6516,Tanacetum species,Wormkruid (G)
6521,Teucrium species,Gamander (G)
6526,Thymus species,Tijm (G)
6527,Tilia species,Linde (G)
6530,Tragopogon species,Morgenster (G)
6532,Trifolium species,Klaver (G)
6533,Triglochin species,Zoutgras (G)
6536,Tulipa species,Tulp (G)
6539,Typha species,Lisdodde (G)
6541,Ulmus species,Iep (G)
6543,Utricularia species,Blaasjeskruid (G)
6546,Valeriana species,Valeriaan (G)
6547,Valerianella species,Veldsla (G)
6549,Verbascum species,Toorts (G)
6551,Veronica species,Ereprijs (G)
6552,Viburnum species,Sneeuwbal (G)
6553,Vicia species,Wikke (G)
6556,Viola species,Viooltje (G)
6562,Zannichellia species,Zannichellia (G)
6564,Abies species,Zilverspar (G)
6565,Picea species,Spar (G)
6566,Larix species,Lork (G)
6578,Cotoneaster species,Dwergmispel (G)
6579,Dactylorhiza species,Handekenskruid (G)
6597,Neslia species,Vinkenzaad (G)
6600,Orchis species,Orchis (G)
6601,Panicum species,Gierst (G)
6604,Phaseolus species,Boon (G)
6607,Pseudotsuga species,Douglasspar (G)
6621,Triticum species,Tarwe (G)
6627,Aesculus species,Paardenkastanje (G)
6647,Berula species,Kleine watereppe (G)
6650,Cardaria species,Pijlkruidkers (G)
6654,Chamaecyparis species,Schijncipres (G)
6662,Cucurbita species,Pompoen (G)
6667,Elymus species,Hondstarwegras (G)
6676,Kickxia species,Stoppelleeuwenbek (G)
6687,Physalis species,Lampionplant (G)
6688,Polemonium species,Jakobsladder (G)
6707,Magnolia species,Magnolia (G)
6717,Triticosecale (x-),Rogge x Tarwe (G)
6718,Festulpia (x-),Baardzwenkgras (G)
6739,Fallopia species,Kielduizendknoop (G)
9340,Salix aurita x caprea,Salix aurita x caprea
9417,Bostrychia scorpioides,Schorpioenmos
9452,Betula pendula x pubescens,Betula pendula x pubescens
9497,Platanthera bifolia x chlorantha,Platanthera bifolia x chlorantha
9500,Wierflap species,Wierflap
9507,Tephrocybe palustris,Veenmosgrauwkop
9511,Zygogonium species,Zygogonium species
9542,Carex acuta x elata,Scherpe x Stijve zegge
9547,Carex flava x oederi s. oedocarpa,Gele  x Geelgroene zegge
9557,Rubus divaricatus,Rubus divaricatus
9558,Rubus integribasis,Rubus integribasis
9559,Rubus vigorosus,Rubus vigorosus
9560,Rubus senticosus,Rubus senticosus
9566,Rubus leucandrus s. belgicus,Rubus leucandrus s. belgicus
9569,Rubus schlechtendalii,Rubus schlechtendalii
9570,Rubus lasiandrus,Rubus lasiandrus
9572,Rubus adspersus,Rubus adspersus
9573,Rubus platyacanthus,Rubus platyacanthus
9580,Rubus laevicaulis,Rubus laevicaulis
9582,Rubus lindleianus,Rubus lindleianus
9584,Rubus nemoralis,Rubus nemoralis
9589,Rubus egregius,Rubus egregius
9590,Rubus erinusculus,Rubus erinusculus
9597,Rubus winteri,Rubus winteri
9599,Rubus grabowskii,Rubus grabowskii
9603,Rubus elegantispinosus,Rubus elegantispinosus
9607,Rubus mucronulatus,Rubus mucronulatus
9609,Rubus glandithyrso,Rubus glandithyrso
9611,Rubus raduloides,Rubus raduloides
9615,Rubus rudis,Rubus rudis
9616,Rubus foliosus,Rubus foliosus
9617,Rubus flexuosus,Rubus flexuosus
9622,Rubus oreades,Rubus oreades
9623,Rubus ignoratus,Rubus ignoratus
9632,Rubus calvus,Rubus calvus
9633,Rubus tuberculatus,Rubus tuberculatus
9637,Rubus contritidens,Rubus contritidens
9640,Rubus passionis,Rubus passionis
9641,Rubus frederici,Rubus frederici
9646,Rubus adornatus,Rubus adornatus
9649,Rubus discors,Rubus discors
9651,Rubus trichanthus,Rubus trichanthus
9654,Rubus iuvenis,Rubus iuvenis
9656,Rubus cordiformis,Rubus cordiformis
9659,Juncus acutiflorus x alpinoarticulatus,Juncus acutiflorus x alpinoarticulatus
9677,Carex diandra x paniculata,Ronde zegge x Pluimzegge
9681,Microspora species,Microspora species
9704,Rubus rosaceus,Rubus rosaceus
9705,Rubus rufescens,Rubus rufescens
9706,Ranunculus (Batrachium),Waterranonkel (ondergeslacht)
9707,Rubus setosus,Rubus setosus
9724,Marsilea quadrifolia,Waterklaver
