1	invalid value for PROJECT (011)
2	invalid value for PROJECT (011)
3	invalid value for PROJECT (011)
4	invalid value for PROJECT (011)
5	invalid value for PROJECT (011)
6	invalid value for PROJECT (011)
7	invalid value for PROJECT (011)
8	invalid value for PROJECT (011)
9	invalid value for PROJECT (011)
10	invalid value for PROJECT (011)
11	invalid value for PROJECT (011)
12	invalid value for PROJECT (011)
13	invalid value for PROJECT (011)
14	invalid value for PROJECT (011)
15	invalid value for PROJECT (011)
16	invalid value for PROJECT (011)
17	invalid value for PROJECT (011)
18	invalid value for PROJECT (011)
19	invalid value for PROJECT (011)
20	invalid value for PROJECT (011)
21	invalid value for PROJECT (011)
22	invalid value for PROJECT (011)
23	invalid value for PROJECT (011)
24	invalid value for PROJECT (011)
25	invalid value for PROJECT (011)
26	invalid value for PROJECT (011)
27	invalid value for PROJECT (011)
28	invalid value for PROJECT (011)
29	invalid value for PROJECT (011)
30	invalid value for PROJECT (011)
31	invalid value for PROJECT (011)
32	invalid value for PROJECT (011)
33	invalid value for PROJECT (011)
34	invalid value for PROJECT (011)
35	invalid value for PROJECT (011)
36	invalid value for PROJECT (011)
37	invalid value for PROJECT (011)
38	invalid value for PROJECT (011)
39	invalid value for PROJECT (011)
40	invalid value for PROJECT (011)
41	invalid value for PROJECT (011)
42	invalid value for PROJECT (011)
43	invalid value for PROJECT (011)
44	invalid value for PROJECT (011)
45	invalid value for PROJECT (011)
46	invalid value for PROJECT (011)
47	invalid value for PROJECT (011)
48	invalid value for PROJECT (011)
49	invalid value for PROJECT (011)
50	invalid value for PROJECT (011)
51	invalid value for PROJECT (011)
52	invalid value for PROJECT (011)
53	invalid value for PROJECT (011)
54	invalid value for PROJECT (011)
55	invalid value for PROJECT (011)
56	invalid value for PROJECT (011)
57	invalid value for PROJECT (011)
58	invalid value for PROJECT (011)
59	invalid value for PROJECT (011)
60	invalid value for PROJECT (011)
61	invalid value for PROJECT (011)
62	invalid value for PROJECT (011)
63	invalid value for PROJECT (011)
64	invalid value for PROJECT (011)
65	invalid value for PROJECT (011)
66	invalid value for PROJECT (011)
67	invalid value for PROJECT (011)
68	invalid value for PROJECT (011)
69	invalid value for PROJECT (011)
70	invalid value for PROJECT (011)
71	invalid value for PROJECT (011)
72	invalid value for PROJECT (011)
73	invalid value for PROJECT (011)
74	invalid value for PROJECT (011)
75	invalid value for PROJECT (011)
76	invalid value for PROJECT (011)
77	invalid value for PROJECT (011)
78	invalid value for PROJECT (011)
79	invalid value for PROJECT (011)
80	invalid value for PROJECT (011)
81	invalid value for PROJECT (011)
82	invalid value for PROJECT (011)
83	invalid value for PROJECT (011)
84	invalid value for PROJECT (011)
85	invalid value for PROJECT (011)
86	invalid value for PROJECT (011)
87	invalid value for PROJECT (011)
88	invalid value for PROJECT (011)
89	invalid value for PROJECT (011)
90	invalid value for PROJECT (011)
90	invalid value for SBB_TYPE1 (09Bc)
91	invalid value for PROJECT (011)
92	invalid value for PROJECT (011)
93	invalid value for PROJECT (011)
94	invalid value for PROJECT (011)
95	invalid value for PROJECT (011)
96	invalid value for PROJECT (011)
97	invalid value for PROJECT (011)
98	invalid value for PROJECT (011)
99	invalid value for PROJECT (011)
100	invalid value for PROJECT (011)
101	invalid value for PROJECT (011)
102	invalid value for PROJECT (011)
103	invalid value for PROJECT (011)
104	invalid value for PROJECT (011)
105	invalid value for PROJECT (011)
106	invalid value for PROJECT (011)
107	invalid value for PROJECT (011)
108	invalid value for PROJECT (011)
109	invalid value for PROJECT (011)
110	invalid value for PROJECT (011)
111	invalid value for PROJECT (011)
112	invalid value for PROJECT (011)
113	invalid value for PROJECT (011)
114	invalid value for PROJECT (011)
115	invalid value for PROJECT (011)
116	invalid value for PROJECT (011)
117	invalid value for PROJECT (011)
118	invalid value for PROJECT (011)
119	invalid value for PROJECT (011)
120	invalid value for PROJECT (011)
121	invalid value for PROJECT (011)
122	invalid value for PROJECT (011)
123	invalid value for PROJECT (011)
124	invalid value for PROJECT (011)
125	invalid value for PROJECT (011)
126	invalid value for PROJECT (011)
127	invalid value for PROJECT (011)
128	invalid value for PROJECT (011)
129	invalid value for PROJECT (011)
130	invalid value for PROJECT (011)
131	invalid value for PROJECT (011)
132	invalid value for PROJECT (011)
133	invalid value for PROJECT (011)
134	invalid value for PROJECT (011)
135	invalid value for PROJECT (011)
136	invalid value for PROJECT (011)
137	invalid value for PROJECT (011)
138	invalid value for PROJECT (011)
139	invalid value for PROJECT (011)
140	invalid value for PROJECT (011)
141	invalid value for PROJECT (011)
142	invalid value for PROJECT (011)
143	invalid value for PROJECT (011)
144	invalid value for PROJECT (011)
145	invalid value for PROJECT (011)
146	invalid value for PROJECT (011)
147	invalid value for PROJECT (011)
148	invalid value for PROJECT (011)
149	invalid value for PROJECT (011)
150	invalid value for PROJECT (011)
